"date","downcast","hour","min","sec","s/1000","sol_small","sol_large"
2010-10-17,1,23,53,44,944,1,0
2010-10-17,1,23,53,46,675,1,0
2010-10-17,1,23,53,47,252,1,0
2010-10-17,1,23,53,48,407,1,0
2010-10-17,1,23,53,48,984,1,0
2010-10-17,1,23,53,48,735,1,0
2010-10-17,1,23,53,56,545,1,0
2010-10-17,1,23,53,58,870,1,0
2010-10-17,1,23,53,59,719,1,0
2010-10-17,1,23,54,0,897,1,0
2010-10-17,1,23,54,2,923,1,0
2010-10-17,1,23,54,3,793,1,0
2010-10-17,1,23,54,5,490,2,0
2010-10-17,1,23,54,6,108,1,0
2010-10-17,1,23,54,6,398,1,0
2010-10-17,1,23,54,8,425,1,0
2010-10-17,1,23,54,8,714,1,0
2010-10-17,1,23,54,23,151,1,0
2010-10-17,1,23,54,25,797,1,0
2010-10-17,1,23,54,29,561,1,0
2010-10-17,1,23,54,37,637,1,0
2010-10-17,1,23,54,55,329,1,0
2010-10-17,1,23,54,55,340,1,0
2010-10-18,2,0,10,11,343,0,1
2010-10-18,2,0,10,15,383,0,1
2010-10-18,2,0,10,20,277,1,0
2010-10-18,2,0,10,44,125,0,1
2010-10-18,2,0,10,44,991,1,0
2010-10-18,2,0,10,49,319,0,1
2010-10-18,2,0,11,0,54,0,1
2010-10-18,2,0,11,19,866,0,1
2010-10-18,2,0,11,48,73,1,0
2010-10-18,2,0,18,26,361,0,1
2010-10-18,3,0,28,27,574,0,1
2010-10-18,3,0,28,41,772,1,0
2010-10-18,3,0,28,46,677,1,0
2010-10-18,3,0,29,0,760,0,1
2010-10-18,3,0,29,6,69,0,1
2010-10-18,3,0,29,14,784,0,1
2010-10-18,3,0,29,21,999,0,1
2010-10-18,3,0,29,22,287,0,1
2010-10-18,3,0,29,24,307,2,0
2010-10-18,3,0,29,30,656,0,1
2010-10-18,3,0,29,38,216,0,1
2010-10-18,3,0,29,41,968,0,1
2010-10-18,3,0,29,42,545,1,0
2010-10-18,3,0,29,46,296,0,1
2010-10-18,3,0,29,52,414,0,1
2010-10-18,3,0,30,1,13,0,1
2010-10-18,3,0,30,2,745,1,0
2010-10-18,3,0,30,4,188,1,0
2010-10-18,3,0,30,4,476,1,0
2010-10-18,4,0,45,16,540,1,1
2010-10-18,4,0,45,34,258,0,1
2010-10-18,4,0,45,38,875,0,1
2010-10-18,4,0,45,40,895,0,1
2010-10-18,4,0,45,50,476,0,1
2010-10-18,4,0,45,54,227,1,0
2010-10-18,4,0,45,56,825,0,1
2010-10-18,4,0,46,0,345,0,1
2010-10-18,4,0,46,4,674,0,1
2010-10-18,4,0,46,9,2,1,0
2010-10-18,4,0,46,25,220,1,0
2010-10-18,5,0,59,56,514,0,1
2010-10-18,5,1,0,0,554,0,1
2010-10-18,5,1,0,8,57,1,0
2010-10-18,5,1,0,9,500,0,1
2010-10-18,5,1,0,14,175,0,1
2010-10-18,5,1,0,18,530,0,1
2010-10-18,5,1,0,22,544,0,0
2010-10-18,5,1,0,23,121,0,0
2010-10-18,5,1,0,29,470,0,0
2010-10-18,5,1,0,30,393,0,0
2010-10-18,5,1,0,33,567,0,0
2010-10-18,5,1,0,37,896,0,0
2010-10-18,5,1,0,38,473,0,0
2010-10-18,5,1,0,39,339,0,0
2010-10-18,5,1,0,41,70,0,0
2010-10-18,5,1,0,43,90,0,0
2010-10-18,5,1,0,44,822,0,0
2010-10-18,5,1,0,47,477,0,1
2010-10-18,5,1,0,50,74,0,3
2010-10-18,5,1,0,51,288,0,1
2010-10-18,5,1,0,57,576,0,1
2010-10-18,5,1,0,58,154,0,1
2010-10-18,5,1,0,58,731,0,1
2010-10-18,5,1,1,0,462,0,1
2010-10-18,5,1,1,1,396,0,1
2010-10-18,5,1,1,2,7771,0,1
2010-10-18,5,1,1,11,197,0,1
2010-10-18,5,1,1,12,929,0,1
2010-10-18,5,1,1,21,8,0,1
2010-10-18,5,1,1,32,989,0,1
2010-10-18,5,1,1,46,230,0,1
2010-10-18,5,1,1,54,621,0,1
2010-10-18,5,1,1,57,253,1,0
2010-10-18,5,1,2,0,716,0,1
2010-10-18,5,1,2,1,5,0,1
2010-10-18,5,1,2,1,870,0,2
2010-10-18,5,1,2,4,756,0,1
2010-10-18,5,1,2,7,64,0,1
2010-10-18,5,1,2,8,507,1,0
2010-10-18,5,1,2,9,662,0,1
2010-10-18,5,1,2,11,393,0,1
2010-10-18,5,1,2,20,397,0,1
2010-10-18,5,1,2,20,974,1,0
2010-10-18,5,1,2,43,194,1,0
2010-10-18,5,1,2,52,832,1,0
2010-10-18,5,1,2,58,26,1,0
2010-10-18,6,1,17,17,51,0,1
2010-10-18,6,1,17,17,397,0,1
2010-10-18,6,1,17,17,686,0,1
2010-10-18,6,1,17,17,974,0,1
2010-10-18,6,1,17,18,263,0,3
2010-10-18,6,1,17,19,128,0,1
2010-10-18,6,1,17,19,706,0,2
2010-10-18,6,1,17,19,994,0,2
2010-10-18,6,1,17,20,283,0,1
2010-10-18,6,1,17,20,571,0,2
2010-10-18,6,1,17,20,860,0,3
2010-10-18,6,1,17,21,148,0,1
2010-10-18,6,1,17,21,437,0,1
2010-10-18,6,1,17,22,303,0,1
2010-10-18,6,1,17,22,880,0,1
2010-10-18,6,1,17,23,457,0,1
2010-10-18,6,1,17,24,323,0,1
2010-10-18,6,1,17,26,54,0,2
2010-10-18,6,1,17,26,343,0,1
2010-10-18,6,1,17,26,631,0,1
2010-10-18,6,1,17,26,920,0,1
2010-10-18,6,1,17,27,785,0,1
2010-10-18,6,1,17,28,363,0,2
2010-10-18,6,1,17,28,651,0,1
2010-10-18,6,1,17,28,940,1,0
2010-10-18,6,1,17,29,228,0,2
2010-10-18,6,1,17,30,94,0,3
2010-10-18,6,1,17,30,383,0,2
2010-10-18,6,1,17,30,960,1,0
2010-10-18,6,1,17,31,248,0,1
2010-10-18,6,1,17,31,537,0,2
2010-10-18,6,1,17,32,114,0,1
2010-10-18,6,1,17,32,403,0,1
2010-10-18,6,1,17,32,980,0,2
2010-10-18,6,1,17,33,268,0,1
2010-10-18,6,1,17,33,557,0,2
2010-10-18,6,1,17,34,134,0,1
2010-10-18,6,1,17,35,58,0,5
2010-10-18,6,1,17,35,346,0,1
2010-10-18,6,1,17,35,635,0,1
2010-10-18,6,1,17,35,923,0,1
2010-10-18,6,1,17,36,154,0,1
2010-10-18,6,1,17,36,443,0,2
2010-10-18,6,1,17,36,731,0,1
2010-10-18,6,1,17,37,20,0,1
2010-10-18,6,1,17,37,308,0,3
2010-10-18,6,1,17,37,886,0,3
2010-10-18,6,1,17,38,174,0,1
2010-10-18,6,1,17,38,463,0,1
2010-10-18,6,1,17,38,751,0,1
2010-10-18,6,1,17,39,328,0,1
2010-10-18,6,1,17,39,617,0,3
2010-10-18,6,1,17,39,906,0,3
2010-10-18,6,1,17,40,194,0,3
2010-10-18,6,1,17,40,483,0,2
2010-10-18,6,1,17,40,771,0,1
2010-10-18,6,1,17,41,60,0,3
2010-10-18,6,1,17,41,348,0,2
2010-10-18,6,1,17,41,637,0,3
2010-10-18,6,1,17,41,926,0,1
2010-10-18,6,1,17,42,503,1,1
2010-10-18,6,1,17,42,791,0,2
2010-10-18,6,1,17,43,80,0,2
2010-10-18,6,1,17,43,368,0,3
2010-10-18,6,1,17,43,657,0,2
2010-10-18,6,1,17,43,945,0,2
2010-10-18,6,1,17,44,234,0,1
2010-10-18,6,1,17,44,523,0,1
2010-10-18,6,1,17,44,811,0,2
2010-10-18,6,1,17,45,100,0,4
2010-10-18,6,1,17,45,677,0,3
2010-10-18,6,1,17,45,965,0,1
2010-10-18,6,1,17,46,254,0,1
2010-10-18,6,1,17,46,543,0,1
2010-10-18,6,1,17,47,408,0,2
2010-10-18,6,1,17,47,697,0,4
2010-10-18,6,1,17,48,563,0,3
2010-10-18,6,1,17,48,851,0,2
2010-10-18,6,1,17,49,140,0,2
2010-10-18,6,1,17,49,428,0,1
2010-10-18,6,1,17,49,717,0,2
2010-10-18,6,1,17,50,294,0,2
2010-10-18,6,1,17,50,583,0,2
2010-10-18,6,1,17,50,871,0,1
2010-10-18,6,1,17,51,448,0,4
2010-10-18,6,1,17,51,737,0,2
2010-10-18,6,1,17,52,430,0,2
2010-10-18,6,1,17,53,584,0,2
2010-10-18,6,1,17,53,872,0,1
2010-10-18,6,1,17,54,161,0,3
2010-10-18,6,1,17,54,450,0,3
2010-10-18,6,1,17,54,738,0,2
2010-10-18,6,1,17,55,27,0,3
2010-10-18,6,1,17,55,604,0,2
2010-10-18,6,1,17,55,907,0,2
2010-10-18,6,1,17,56,758,0,1
2010-10-18,6,1,17,57,47,0,2
2010-10-18,6,1,17,57,335,0,1
2010-10-18,6,1,17,57,624,0,2
2010-10-18,6,1,17,57,912,0,1
2010-10-18,6,1,17,58,201,0,2
2010-10-18,6,1,17,58,490,0,1
2010-10-18,6,1,17,58,778,0,1
2010-10-18,6,1,17,59,67,0,2
2010-10-18,6,1,17,59,644,0,1
2010-10-18,6,1,17,59,932,0,1
2010-10-18,6,1,18,0,510,0,1
2010-10-18,6,1,18,1,87,0,1
2010-10-18,6,1,18,1,664,0,1
2010-10-18,6,1,18,1,952,0,2
2010-10-18,6,1,18,2,241,0,2
2010-10-18,6,1,18,2,529,0,1
2010-10-18,6,1,18,2,818,1,0
2010-10-18,6,1,18,3,972,0,1
2010-10-18,6,1,18,4,261,0,1
2010-10-18,6,1,18,4,838,1,1
2010-10-18,6,1,18,5,415,0,3
2010-10-18,6,1,18,6,281,0,1
2010-10-18,6,1,18,6,858,0,1
2010-10-18,6,1,18,8,12,0,1
2010-10-18,6,1,18,8,301,1,0
2010-10-18,6,1,18,9,802,0,2
2010-10-18,6,1,18,10,90,0,1
2010-10-18,6,1,18,10,376,0,1
2010-10-18,6,1,18,10,667,0,1
2010-10-18,6,1,18,10,856,0,1
2010-10-18,6,1,18,11,822,0,1
2010-10-18,6,1,18,12,399,0,1
2010-10-18,6,1,18,12,976,0,2
2010-10-18,6,1,18,14,707,0,1
2010-10-18,6,1,18,15,284,0,1
2010-10-18,6,1,18,15,573,0,1
2010-10-18,6,1,18,16,150,0,1
2010-10-18,6,1,18,16,727,0,1
2010-10-18,6,1,18,17,16,0,2
2010-10-18,6,1,18,17,304,0,1
2010-10-18,6,1,18,17,882,1,1
2010-10-18,6,1,18,18,747,0,1
2010-10-18,6,1,18,19,324,0,2
2010-10-18,6,1,18,19,613,1,0
2010-10-18,6,1,18,20,190,0,1
2010-10-18,6,1,18,20,479,0,1
2010-10-18,6,1,18,20,767,0,2
2010-10-18,6,1,18,21,344,0,1
2010-10-18,6,1,18,22,210,1,1
2010-10-18,6,1,18,22,499,1,0
2010-10-18,6,1,18,22,787,0,1
2010-10-18,6,1,18,23,76,0,2
2010-10-18,6,1,18,23,264,0,1
2010-10-18,6,1,18,23,653,0,2
2010-10-18,6,1,18,24,230,0,1
2010-10-18,6,1,18,24,519,1,1
2010-10-18,6,1,18,25,384,0,3
2010-10-18,6,1,18,25,673,1,0
2010-10-18,6,1,18,26,250,0,1
2010-10-18,6,1,18,26,539,0,1
2010-10-18,6,1,18,27,174,1,0
2010-10-18,6,1,18,27,751,0,2
2010-10-18,6,1,18,28,39,0,2
2010-10-18,6,1,18,28,328,0,1
2010-10-18,6,1,18,28,616,0,1
2010-10-18,6,1,18,28,905,0,1
2010-10-18,6,1,18,29,482,0,1
2010-10-18,6,1,18,29,971,0,1
2010-10-18,6,1,18,30,348,0,2
2010-10-18,6,1,18,31,214,0,2
2010-10-18,6,1,18,31,502,0,3
2010-10-18,6,1,18,32,368,0,3
2010-10-18,6,1,18,32,945,0,1
2010-10-18,6,1,18,34,388,0,5
2010-10-18,6,1,18,34,676,0,1
2010-10-18,6,1,18,35,254,0,4
2010-10-18,6,1,18,35,831,0,1
2010-10-18,6,1,18,36,119,0,1
2010-10-18,6,1,18,36,408,0,1
2010-10-18,6,1,18,36,696,0,2
2010-10-18,6,1,18,36,985,0,1
2010-10-18,6,1,18,37,273,0,2
2010-10-18,6,1,18,37,851,0,1
2010-10-18,6,1,18,38,139,0,1
2010-10-18,6,1,18,39,5,1,0
2010-10-18,6,1,18,39,293,0,1
2010-10-18,6,1,18,39,582,0,2
2010-10-18,6,1,18,40,159,0,2
2010-10-18,6,1,18,40,448,0,2
2010-10-18,6,1,18,40,736,0,1
2010-10-18,6,1,18,41,25,0,2
2010-10-18,6,1,18,41,313,1,2
2010-10-18,6,1,18,41,602,0,1
2010-10-18,6,1,18,41,891,0,2
2010-10-18,6,1,18,42,179,0,7
2010-10-18,6,1,18,42,410,0,1
2010-10-18,6,1,18,42,872,0,2
2010-10-18,6,1,18,43,160,0,1
2010-10-18,6,1,18,43,853,0,1
2010-10-18,6,1,18,44,257,0,2
2010-10-18,6,1,18,44,546,0,3
2010-10-18,6,1,18,44,934,0,1
2010-10-18,6,1,18,45,123,0,1
2010-10-18,6,1,18,45,700,0,2
2010-10-18,6,1,18,45,989,0,1
2010-10-18,6,1,18,46,277,1,0
2010-10-18,6,1,18,46,566,0,1
2010-10-18,6,1,18,46,854,0,3
2010-10-18,6,1,18,47,85,0,1
2010-10-18,6,1,18,47,951,0,1
2010-10-18,6,1,18,48,240,0,1
2010-10-18,6,1,18,48,528,0,2
2010-10-18,6,1,18,48,817,0,1
2010-10-18,6,1,18,49,105,2,2
2010-10-18,6,1,18,49,394,0,1
2010-10-18,6,1,18,49,682,0,1
2010-10-18,6,1,18,49,971,0,1
2010-10-18,6,1,18,50,260,0,2
2010-10-18,6,1,18,50,548,0,2
2010-10-18,6,1,18,51,703,0,1
2010-10-18,6,1,18,51,991,0,2
2010-10-18,6,1,18,52,280,0,2
2010-10-18,6,1,18,52,568,0,3
2010-10-18,6,1,18,52,857,0,1
2010-10-18,6,1,18,53,434,0,1
2010-10-18,6,1,18,53,723,1,0
2010-10-18,6,1,18,54,300,0,1
2010-10-18,6,1,18,54,877,0,1
2010-10-18,6,1,18,55,166,0,1
2010-10-18,6,1,18,55,743,0,1
2010-10-18,6,1,18,57,763,0,1
2010-10-18,6,1,19,3,938,0,1
2010-10-18,6,1,19,5,381,0,1
2010-10-18,6,1,19,5,669,0,1
2010-10-18,7,1,32,38,118,0,1
2010-10-18,7,1,32,38,695,0,2
2010-10-18,7,1,32,38,984,0,2
2010-10-18,7,1,32,39,272,0,4
2010-10-18,7,1,32,39,849,0,1
2010-10-18,7,1,32,40,138,0,2
2010-10-18,7,1,32,41,292,0,1
2010-10-18,7,1,32,41,581,0,1
2010-10-18,7,1,32,42,158,0,3
2010-10-18,7,1,32,42,447,0,1
2010-10-18,7,1,32,42,735,1,2
2010-10-18,7,1,32,43,24,0,3
2010-10-18,7,1,32,43,312,0,2
2010-10-18,7,1,32,43,601,0,1
2010-10-18,7,1,32,44,178,0,1
2010-10-18,7,1,32,44,467,0,1
2010-10-18,7,1,32,44,755,1,0
2010-10-18,7,1,32,45,44,0,1
2010-10-18,7,1,32,45,332,0,1
2010-10-18,7,1,32,45,909,1,0
2010-10-18,7,1,32,46,198,0,1
2010-10-18,7,1,32,46,487,0,2
2010-10-18,7,1,32,46,775,0,1
2010-10-18,7,1,32,47,641,1,0
2010-10-18,7,1,32,48,218,0,1
2010-10-18,7,1,32,48,795,0,3
2010-10-18,7,1,32,49,84,1,2
2010-10-18,7,1,32,49,372,0,3
2010-10-18,7,1,32,49,949,0,1
2010-10-18,7,1,32,50,238,0,3
2010-10-18,7,1,32,50,526,0,1
2010-10-18,7,1,32,51,969,0,1
2010-10-18,7,1,32,52,835,0,1
2010-10-18,7,1,32,53,989,0,2
2010-10-18,7,1,32,54,278,0,1
2010-10-18,7,1,32,54,566,0,1
2010-10-18,7,1,32,55,144,0,2
2010-10-18,7,1,32,55,490,0,3
2010-10-18,7,1,32,55,779,0,3
2010-10-18,7,1,32,56,67,0,2
2010-10-18,7,1,32,56,356,0,1
2010-10-18,7,1,32,56,644,1,0
2010-10-18,7,1,32,57,221,0,3
2010-10-18,7,1,32,57,221,0,3
2010-10-18,7,1,32,57,510,0,2
2010-10-18,7,1,32,58,87,0,1
2010-10-18,7,1,32,58,664,0,1
2010-10-18,7,1,32,58,953,0,1
2010-10-18,7,1,33,0,396,0,1
2010-10-18,7,1,33,0,973,0,1
2010-10-18,7,1,33,1,550,0,2
2010-10-18,7,1,33,1,839,0,1
2010-10-18,7,1,33,2,704,0,1
2010-10-18,7,1,33,2,993,0,1
2010-10-18,7,1,33,5,590,0,1
2010-10-18,7,1,33,6,167,0,1
2010-10-18,7,1,33,7,321,0,1
2010-10-18,7,1,33,7,898,1,1
2010-10-18,7,1,33,8,476,0,1
2010-10-18,7,1,33,8,764,0,4
2010-10-18,7,1,33,9,630,0,2
2010-10-18,7,1,33,9,918,0,1
2010-10-18,7,1,33,10,270,0,3
2010-10-18,7,1,33,11,73,0,3
2010-10-18,7,1,33,11,650,1,2
2010-10-18,7,1,33,11,938,0,1
2010-10-18,7,1,33,12,227,0,3
2010-10-18,7,1,33,12,516,0,2
2010-10-18,7,1,33,13,433,0,2
2010-10-18,7,1,33,13,732,0,3
2010-10-18,7,1,33,14,311,0,4
2010-10-18,7,1,33,14,891,1,4
2010-10-18,7,1,33,15,469,0,4
2010-10-18,7,1,33,16,338,0,1
2010-10-18,7,1,33,16,627,0,2
2010-10-18,7,1,33,17,207,0,2
2010-10-18,7,1,33,17,496,1,2
2010-10-18,7,1,33,17,786,0,1
2010-10-18,7,1,33,18,75,0,3
2010-10-18,7,1,33,18,365,0,1
2010-10-18,7,1,33,18,654,0,1
2010-10-18,7,1,33,18,944,0,1
2010-10-18,7,1,33,19,233,0,2
2010-10-18,7,1,33,19,523,0,2
2010-10-18,7,1,33,19,812,0,3
2010-10-18,7,1,33,20,102,0,1
2010-10-18,7,1,33,21,550,0,2
2010-10-18,7,1,33,22,418,0,2
2010-10-18,7,1,33,22,997,0,1
2010-10-18,7,1,33,23,576,2,0
2010-10-18,7,1,33,23,866,0,1
2010-10-18,7,1,33,24,445,0,2
2010-10-18,7,1,33,24,734,0,1
2010-10-18,7,1,33,25,893,0,1
2010-10-18,7,1,33,26,182,0,1
2010-10-18,7,1,33,27,51,0,1
2010-10-18,7,1,33,27,340,0,1
2010-10-18,7,1,33,27,630,0,1
2010-10-18,7,1,33,28,209,0,1
2010-10-18,7,1,33,28,499,0,1
2010-10-18,7,1,33,29,367,1,0
2010-10-18,7,1,33,29,657,0,1
2010-10-18,7,1,33,30,525,0,1
2010-10-18,7,1,33,30,815,0,1
2010-10-18,7,1,33,31,104,0,1
2010-10-18,7,1,33,31,973,0,1
2010-10-18,7,1,33,32,262,0,1
2010-10-18,7,1,33,32,831,1,0
2010-10-18,7,1,33,33,48,0,1
2010-10-18,7,1,33,34,274,1,1
2010-10-18,7,1,33,35,428,0,1
2010-10-18,7,1,33,35,717,0,1
2010-10-18,7,1,33,36,294,0,1
2010-10-18,7,1,33,36,583,0,1
2010-10-18,7,1,33,37,448,0,1
2010-10-18,7,1,33,37,737,0,2
2010-10-18,7,1,33,38,25,0,1
2010-10-18,7,1,33,38,603,1,0
2010-10-18,7,1,33,38,891,0,2
2010-10-18,7,1,33,39,410,0,1
2010-10-18,7,1,33,40,365,0,1
2010-10-18,7,1,33,41,142,0,2
2010-10-18,7,1,33,41,430,0,1
2010-10-18,7,1,33,41,719,0,1
2010-10-18,7,1,33,42,296,0,1
2010-10-18,7,1,33,42,873,0,1
2010-10-18,7,1,33,44,28,0,3
2010-10-18,7,1,33,45,759,0,1
2010-10-18,7,1,33,46,48,0,2
2010-10-18,7,1,33,46,336,1,2
2010-10-18,7,1,33,46,625,0,1
2010-10-18,7,1,33,47,202,0,1
2010-10-18,7,1,33,47,606,0,2
2010-10-18,7,1,33,47,895,0,1
2010-10-18,7,1,33,48,183,0,2
2010-10-18,7,1,33,48,472,0,1
2010-10-18,7,1,33,49,49,0,1
2010-10-18,7,1,33,49,337,0,1
2010-10-18,7,1,33,49,915,0,1
2010-10-18,7,1,33,50,492,0,2
2010-10-18,7,1,33,50,780,0,1
2010-10-18,7,1,33,52,512,0,1
2010-10-18,7,1,33,53,89,0,1
2010-10-18,7,1,33,53,955,0,1
2010-10-18,7,1,33,54,243,0,1
2010-10-18,7,1,33,54,532,0,1
2010-10-18,7,1,33,55,397,0,1
2010-10-18,7,1,33,55,686,0,1
2010-10-18,7,1,33,55,975,0,1
2010-10-18,7,1,33,56,263,0,1
2010-10-18,7,1,33,56,552,0,1
2010-10-18,7,1,33,56,840,0,1
2010-10-18,7,1,33,57,129,0,1
2010-10-18,7,1,33,57,706,0,1
2010-10-18,7,1,33,57,994,0,1
2010-10-18,7,1,33,58,283,0,1
2010-10-18,7,1,33,58,572,0,1
2010-10-18,7,1,33,58,860,0,4
2010-10-18,7,1,33,59,149,0,3
2010-10-18,7,1,33,59,437,0,2
2010-10-18,7,1,33,59,726,2,0
2010-10-18,7,1,34,0,14,2,0
2010-10-18,7,1,34,0,303,0,1
2010-10-18,7,1,34,0,592,0,2
2010-10-18,7,1,34,0,880,0,2
2010-10-18,7,1,34,1,169,0,2
2010-10-18,7,1,34,1,457,0,1
2010-10-18,7,1,34,2,34,0,2
2010-10-18,7,1,34,2,323,0,2
2010-10-18,7,1,34,2,612,1,3
2010-10-18,7,1,34,2,900,0,2
2010-10-18,7,1,34,3,477,0,2
2010-10-18,7,1,34,3,766,0,2
2010-10-18,7,1,34,4,54,0,2
2010-10-18,7,1,34,4,343,1,3
2010-10-18,7,1,34,4,632,0,2
2010-10-18,7,1,34,4,978,1,0
2010-10-18,7,1,34,5,267,0,1
2010-10-18,7,1,34,5,555,1,2
2010-10-18,7,1,34,5,844,0,1
2010-10-18,7,1,34,6,421,0,2
2010-10-18,7,1,34,6,710,0,2
2010-10-18,7,1,34,6,995,0,2
2010-10-18,7,1,34,7,287,0,1
2010-10-18,7,1,34,7,575,0,3
2010-10-18,7,1,34,7,864,0,2
2010-10-18,7,1,34,8,153,0,3
2010-10-18,7,1,34,8,441,0,1
2010-10-18,7,1,34,8,730,1,0
2010-10-18,7,1,34,9,18,1,1
2010-10-18,7,1,34,9,307,0,3
2010-10-18,7,1,34,9,595,0,3
2010-10-18,7,1,34,9,884,0,1
2010-10-18,7,1,34,10,173,0,3
2010-10-18,7,1,34,10,750,0,5
2010-10-18,7,1,34,11,38,0,4
2010-10-18,7,1,34,11,327,0,3
2010-10-18,7,1,34,11,616,0,4
2010-10-18,7,1,34,12,193,0,1
2010-10-18,7,1,34,12,481,2,0
2010-10-18,7,1,34,12,770,0,2
2010-10-18,7,1,34,13,58,0,6
2010-10-18,7,1,34,13,636,0,1
2010-10-18,7,1,34,13,924,0,1
2010-10-18,7,1,34,14,213,0,4
2010-10-18,7,1,34,14,501,0,4
2010-10-18,7,1,34,14,790,0,2
2010-10-18,7,1,34,15,79,0,5
2010-10-18,7,1,34,15,656,0,1
2010-10-18,7,1,34,15,944,0,1
2010-10-18,7,1,34,16,233,0,4
2010-10-18,7,1,34,16,521,0,2
2010-10-18,7,1,34,16,810,0,3
2010-10-18,7,1,34,17,99,0,2
2010-10-18,7,1,34,17,387,0,1
2010-10-18,7,1,34,17,676,0,1
2010-10-18,7,1,34,17,964,0,1
2010-10-18,7,1,34,18,253,0,1
2010-10-18,7,1,34,18,542,0,1
2010-10-18,7,1,34,18,830,0,1
2010-10-18,7,1,34,19,119,0,4
2010-10-18,7,1,34,19,407,1,3
2010-10-18,7,1,34,19,696,1,2
2010-10-18,7,1,34,19,984,0,3
2010-10-18,7,1,34,20,273,0,2
2010-10-18,7,1,34,20,850,1,4
2010-10-18,7,1,34,21,427,0,2
2010-10-18,7,1,34,21,716,0,3
2010-10-18,7,1,34,22,5,2,0
2010-10-18,7,1,34,22,352,0,4
2010-10-18,7,1,34,22,927,1,1
2010-10-18,7,1,34,23,216,0,1
2010-10-18,7,1,34,23,793,1,6
2010-10-18,7,1,34,24,82,0,1
2010-10-18,7,1,34,24,370,0,1
2010-10-18,7,1,34,24,659,0,4
2010-10-18,7,1,34,24,947,0,2
2010-10-18,7,1,34,25,236,0,2
2010-10-18,7,1,34,25,525,0,3
2010-10-18,7,1,34,25,813,1,0
2010-10-18,7,1,34,26,102,1,0
2010-10-18,7,1,34,26,300,1,2
2010-10-18,7,1,34,26,679,1,0
2010-10-18,7,1,34,26,967,0,1
2010-10-18,7,1,34,27,545,1,2
2010-10-18,7,1,34,27,833,2,2
2010-10-18,7,1,34,28,122,0,3
2010-10-18,7,1,34,28,410,0,3
2010-10-18,7,1,34,28,699,0,3
2010-10-18,7,1,34,28,988,0,1
2010-10-18,7,1,34,29,276,0,2
2010-10-18,7,1,34,29,565,0,3
2010-10-18,7,1,34,29,853,3,3
2010-10-18,7,1,34,30,142,0,2
2010-10-18,7,1,34,30,430,0,2
2010-10-18,7,1,34,30,719,0,1
2010-10-18,7,1,34,31,8,0,2
2010-10-18,7,1,34,31,296,0,6
2010-10-18,7,1,34,31,585,0,2
2010-10-18,7,1,34,31,873,0,4
2010-10-18,7,1,34,32,162,0,4
2010-10-18,7,1,34,32,451,0,3
2010-10-18,7,1,34,32,739,0,3
2010-10-18,7,1,34,33,28,0,6
2010-10-18,7,1,34,33,316,1,3
2010-10-18,7,1,34,33,605,0,4
2010-10-18,7,1,34,33,893,2,6
2010-10-18,7,1,34,34,182,0,5
2010-10-18,7,1,34,34,471,0,4
2010-10-18,7,1,34,34,759,2,6
2010-10-18,7,1,34,35,48,1,0
2010-10-18,7,1,34,35,336,0,3
2010-10-18,7,1,34,35,625,0,2
2010-10-18,7,1,34,35,914,1,2
2010-10-18,7,1,34,36,202,1,2
2010-10-18,7,1,34,36,491,2,0
2010-10-18,7,1,34,36,779,1,4
2010-10-18,7,1,34,37,68,0,4
2010-10-18,7,1,34,37,256,0,2
2010-10-18,7,1,34,37,934,1,2
2010-10-18,7,1,34,38,222,0,2
2010-10-18,7,1,34,38,511,0,2
2010-10-18,7,1,34,38,799,0,3
2010-10-18,7,1,34,39,377,0,2
2010-10-18,7,1,34,40,11,0,3
2010-10-18,7,1,34,40,299,1,4
2010-10-18,7,1,34,40,588,0,2
2010-10-18,7,1,34,40,876,0,3
2010-10-18,7,1,34,41,165,0,1
2010-10-18,7,1,34,41,454,0,2
2010-10-18,7,1,34,41,742,0,2
2010-10-18,7,1,34,42,319,0,2
2010-10-18,7,1,34,42,608,0,3
2010-10-18,7,1,34,42,897,0,1
2010-10-18,7,1,34,43,185,0,1
2010-10-18,7,1,34,43,474,0,1
2010-10-18,7,1,34,43,762,1,3
2010-10-18,7,1,34,44,51,0,3
2010-10-18,7,1,34,44,339,0,1
2010-10-18,7,1,34,44,628,0,2
2010-10-18,7,1,34,45,205,0,1
2010-10-18,7,1,34,45,494,0,1
2010-10-18,7,1,34,45,782,2,0
2010-10-18,7,1,34,46,360,0,2
2010-10-18,7,1,34,46,937,0,1
2010-10-18,7,1,34,47,225,0,2
2010-10-18,7,1,34,47,514,0,1
2010-10-18,7,1,34,48,91,0,2
2010-10-18,7,1,34,48,380,0,1
2010-10-18,7,1,34,48,668,1,0
2010-10-18,7,1,34,48,957,0,1
2010-10-18,7,1,34,50,111,1,0
2010-10-18,7,1,34,50,400,1,0
2010-10-18,7,1,34,50,688,0,1
2010-10-18,7,1,34,51,265,0,1
2010-10-18,7,1,34,51,554,0,1
2010-10-18,7,1,34,52,420,0,1
2010-10-18,7,1,34,53,574,0,1
2010-10-18,7,1,34,54,728,0,1
2010-10-18,7,1,34,55,306,0,1
2010-10-18,7,1,34,56,171,1,0
2010-10-18,7,1,35,9,303,0,1
2010-10-18,7,1,35,12,678,0,1
2010-10-18,7,1,35,39,169,1,0
2010-10-18,8,1,50,48,866,0,1
2010-10-18,8,1,50,52,964,1,0
2010-10-18,8,1,50,54,695,1,0
2010-10-18,8,1,50,57,870,0,1
2010-10-18,8,1,51,2,772,1,0
2010-10-18,8,1,51,5,372,1,0
2010-10-18,8,1,51,5,661,1,0
2010-10-18,8,1,51,6,815,1,0
2010-10-18,8,1,51,8,258,0,1
2010-10-18,8,1,51,8,835,0,1
2010-10-18,8,1,51,10,47,0,1
2010-10-18,8,1,51,10,625,2,0
2010-10-18,8,1,51,11,779,0,1
2010-10-18,8,1,51,15,530,0,1
2010-10-18,8,1,51,16,973,2,0
2010-10-18,8,1,51,17,550,2,1
2010-10-18,8,1,51,19,570,0,1
2010-10-18,8,1,51,21,302,0,1
2010-10-18,8,1,51,22,167,0,1
2010-10-18,8,1,51,23,33,0,1
2010-10-18,8,1,51,23,610,0,1
2010-10-18,8,1,51,23,899,2,1
2010-10-18,8,1,51,24,187,2,0
2010-10-18,8,1,51,24,476,1,0
2010-10-18,8,1,51,25,342,0,1
2010-10-18,8,1,51,27,16,0,1
2010-10-18,8,1,51,27,593,2,0
2010-10-18,8,1,51,27,881,0,1
2010-10-18,8,1,51,28,170,1,0
2010-10-18,8,1,51,29,35,1,0
2010-10-18,8,1,51,29,324,0,1
2010-10-18,8,1,51,29,901,0,1
2010-10-18,8,1,51,30,190,0,1
2010-10-18,8,1,51,30,767,1,1
2010-10-18,8,1,51,31,55,0,1
2010-10-18,8,1,51,31,344,1,0
2010-10-18,8,1,51,32,498,0,1
2010-10-18,8,1,51,33,75,0,1
2010-10-18,8,1,51,33,941,0,2
2010-10-18,8,1,51,34,230,0,2
2010-10-18,8,1,51,34,807,1,0
2010-10-18,8,1,51,35,673,0,1
2010-10-18,8,1,51,36,250,0,1
2010-10-18,8,1,51,37,115,0,1
2010-10-18,8,1,51,37,404,0,1
2010-10-18,8,1,51,37,981,0,1
2010-10-18,8,1,51,38,270,0,2
2010-10-18,8,1,51,40,1,1,0
2010-10-18,8,1,51,40,575,0,1
2010-10-18,8,1,51,40,867,1,0
2010-10-18,8,1,51,42,21,0,1
2010-10-18,8,1,51,42,598,0,2
2010-10-18,8,1,51,42,887,0,1
2010-10-18,8,1,51,44,41,0,1
2010-10-18,8,1,51,44,388,0,1
2010-10-18,8,1,51,44,676,0,1
2010-10-18,8,1,51,44,965,0,2
2010-10-18,8,1,51,45,253,1,1
2010-10-18,8,1,51,45,542,0,2
2010-10-18,8,1,51,47,273,1,3
2010-10-18,8,1,51,47,562,0,1
2010-10-18,8,1,51,48,139,0,2
2010-10-18,8,1,51,48,427,0,3
2010-10-18,8,1,51,48,716,0,2
2010-10-18,8,1,51,49,5,0,1
2010-10-18,8,1,51,49,293,2,0
2010-10-18,8,1,51,49,582,0,1
2010-10-18,8,1,51,50,159,0,2
2010-10-18,8,1,51,50,736,0,2
2010-10-18,8,1,51,51,25,1,0
2010-10-18,8,1,51,51,313,1,0
2010-10-18,8,1,51,51,602,0,1
2010-10-18,8,1,51,51,890,0,1
2010-10-18,8,1,51,53,45,1,3
2010-10-18,8,1,51,53,333,0,1
2010-10-18,8,1,51,53,622,0,1
2010-10-18,8,1,51,54,199,0,2
2010-10-18,8,1,51,54,487,0,1
2010-10-18,8,1,51,55,64,0,1
2010-10-18,8,1,51,56,219,1,0
2010-10-18,8,1,51,56,507,1,0
2010-10-18,8,1,51,56,796,1,0
2010-10-18,8,1,51,57,84,2,3
2010-10-18,8,1,51,57,373,0,1
2010-10-18,8,1,51,57,662,0,1
2010-10-18,8,1,51,57,950,0,1
2010-10-18,8,1,51,58,527,0,3
2010-10-18,8,1,51,58,816,0,2
2010-10-18,8,1,51,59,393,1,1
2010-10-18,8,1,51,59,970,0,1
2010-10-18,8,1,52,0,547,1,1
2010-10-18,8,1,52,1,817,1,1
2010-10-18,8,1,52,2,683,0,1
2010-10-18,8,1,52,3,837,2,1
2010-10-18,8,1,52,4,414,2,1
2010-10-18,8,1,52,4,703,1,0
2010-10-18,8,1,52,5,280,2,1
2010-10-18,8,1,52,6,434,1,0
2010-10-18,8,1,52,7,877,0,1
2010-10-18,8,1,52,9,609,0,1
2010-10-18,8,1,52,10,186,0,1
2010-10-18,8,1,52,10,474,1,1
2010-10-18,8,1,52,10,763,1,2
2010-10-18,8,1,52,11,51,0,1
2010-10-18,8,1,52,11,340,0,1
2010-10-18,8,1,52,11,628,0,1
2010-10-18,8,1,52,11,917,0,1
2010-10-18,8,1,52,12,206,1,1
2010-10-18,8,1,52,12,494,0,1
2010-10-18,8,1,52,13,71,0,1
2010-10-18,8,1,52,13,360,0,2
2010-10-18,8,1,52,13,648,1,0
2010-10-18,8,1,52,14,226,0,1
2010-10-18,8,1,52,15,91,0,1
2010-10-18,8,1,52,15,380,0,1
2010-10-18,8,1,52,16,823,0,1
2010-10-18,8,1,52,17,111,0,1
2010-10-18,8,1,52,17,400,0,1
2010-10-18,8,1,52,17,977,1,2
2010-10-18,8,1,52,18,266,2,0
2010-10-18,8,1,52,18,554,1,1
2010-10-18,8,1,52,18,843,0,1
2010-10-18,8,1,52,19,478,1,1
2010-10-18,8,1,52,20,55,1,0
2010-10-18,8,1,52,21,209,0,1
2010-10-18,8,1,52,22,75,2,0
2010-10-18,8,1,52,23,229,2,0
2010-10-18,8,1,52,23,518,0,1
2010-10-18,8,1,52,23,806,0,1
2010-10-18,8,1,52,24,672,2,0
2010-10-18,8,1,52,24,961,1,1
2010-10-18,8,1,52,25,249,2,0
2010-10-18,8,1,52,26,403,2,0
2010-10-18,8,1,52,27,558,1,0
2010-10-18,8,1,52,29,0,0,1
2010-10-18,8,1,52,30,155,1,0
2010-10-18,8,1,52,31,598,0,1
2010-10-18,8,1,52,32,463,1,0
2010-10-18,8,1,52,33,329,1,0
2010-10-18,8,1,52,33,906,1,1
2010-10-18,8,1,52,34,195,1,0
2010-10-18,8,1,52,38,293,1,0
2010-10-18,8,1,52,38,870,1,0
2010-10-18,8,1,52,39,447,2,0
2010-10-18,8,1,52,46,950,1,0
2010-10-18,8,1,52,51,855,1,0
2010-10-18,9,2,8,3,54,2,2
2010-10-18,9,2,8,3,400,5,3
2010-10-18,9,2,8,3,688,3,4
2010-10-18,9,2,8,3,919,7,4
2010-10-18,9,2,8,4,208,2,0
2010-10-18,9,2,8,4,785,3,3
2010-10-18,9,2,8,5,74,3,1
2010-10-18,9,2,8,5,362,6,3
2010-10-18,9,2,8,5,651,2,4
2010-10-18,9,2,8,5,939,5,2
2010-10-18,9,2,8,6,516,2,3
2010-10-18,9,2,8,6,805,5,0
2010-10-18,9,2,8,7,93,3,3
2010-10-18,9,2,8,7,382,4,1
2010-10-18,9,2,8,7,671,1,0
2010-10-18,9,2,8,7,671,1,0
2010-10-18,9,2,8,7,959,5,1
2010-10-18,9,2,8,8,248,4,1
2010-10-18,9,2,8,8,536,5,2
2010-10-18,9,2,8,8,825,10,4
2010-10-18,9,2,8,9,56,8,2
2010-10-18,9,2,8,9,344,11,2
2010-10-18,9,2,8,9,633,4,1
2010-10-18,9,2,8,9,921,3,3
2010-10-18,9,2,8,10,210,6,3
2010-10-18,9,2,8,10,499,6,1
2010-10-18,9,2,8,10,787,6,1
2010-10-18,9,2,8,11,76,12,4
2010-10-18,9,2,8,11,364,10,0
2010-10-18,9,2,8,11,653,1,1
2010-10-18,9,2,8,11,941,11,3
2010-10-18,9,2,8,11,230,2,1
2010-10-18,9,2,8,12,519,0,1
2010-10-18,9,2,8,12,807,4,0
2010-10-18,9,2,8,13,96,8,1
2010-10-18,9,2,8,13,384,2,2
2010-10-18,9,2,8,13,673,4,2
2010-10-18,9,2,8,13,961,2,0
2010-10-18,9,2,8,14,250,3,1
2010-10-18,9,2,8,14,539,6,2
2010-10-18,9,2,8,14,597,8,0
2010-10-18,9,2,8,14,887,7,2
2010-10-18,9,2,8,15,176,3,2
2010-10-18,9,2,8,15,466,6,0
2010-10-18,9,2,8,15,755,2,1
2010-10-18,9,2,8,16,45,9,0
2010-10-18,9,2,8,16,334,9,0
2010-10-18,9,2,8,16,624,13,5
2010-10-18,9,2,8,16,914,4,0
2010-10-18,9,2,8,17,203,4,0
2010-10-18,9,2,8,17,493,7,1
2010-10-18,9,2,8,17,782,4,2
2010-10-18,9,2,8,18,72,7,0
2010-10-18,9,2,8,18,361,5,2
2010-10-18,9,2,8,18,651,6,2
2010-10-18,9,2,8,18,940,2,2
2010-10-18,9,2,8,19,230,5,0
2010-10-18,9,2,8,19,519,7,2
2010-10-18,9,2,8,19,809,4,3
2010-10-18,9,2,8,20,98,5,2
2010-10-18,9,2,8,20,388,2,0
2010-10-18,9,2,8,20,677,5,1
2010-10-18,9,2,8,20,967,4,0
2010-10-18,9,2,8,21,257,5,0
2010-10-18,9,2,8,21,546,2,2
2010-10-18,9,2,8,21,836,1,2
2010-10-18,9,2,8,22,125,5,0
2010-10-18,9,2,8,22,415,3,1
2010-10-18,9,2,8,22,676,6,1
2010-10-18,9,2,8,22,994,6,0
2010-10-18,9,2,8,23,283,5,0
2010-10-18,9,2,8,23,573,1,1
2010-10-18,9,2,8,23,862,3,0
2010-10-18,9,2,8,24,152,7,2
2010-10-18,9,2,8,24,442,5,0
2010-10-18,9,2,8,24,731,5,2
2010-10-18,9,2,8,25,21,6,1
2010-10-18,9,2,8,25,310,6,1
2010-10-18,9,2,8,25,600,4,0
2010-10-18,9,2,8,25,889,5,0
2010-10-18,9,2,8,26,179,1,0
2010-10-18,9,2,8,26,468,4,2
2010-10-18,9,2,8,26,758,5,0
2010-10-18,9,2,8,27,47,3,0
2010-10-18,9,2,8,27,337,4,0
2010-10-18,9,2,8,27,626,6,0
2010-10-18,9,2,8,27,916,3,1
2010-10-18,9,2,8,28,206,5,0
2010-10-18,9,2,8,28,495,9,2
2010-10-18,9,2,8,28,785,3,0
2010-10-18,9,2,8,29,74,5,0
2010-10-18,9,2,8,29,364,8,0
2010-10-18,9,2,8,29,653,3,0
2010-10-18,9,2,8,29,943,5,1
2010-10-18,9,2,8,30,232,4,0
2010-10-18,9,2,8,30,522,5,1
2010-10-18,9,2,8,30,811,5,1
2010-10-18,9,2,8,31,101,3,0
2010-10-18,9,2,8,31,390,5,0
2010-10-18,9,2,8,31,680,3,1
2010-10-18,9,2,8,31,969,0,1
2010-10-18,9,2,8,32,199,5,0
2010-10-18,9,2,8,32,490,2,0
2010-10-18,9,2,8,32,780,4,0
2010-10-18,9,2,8,33,70,6,0
2010-10-18,9,2,8,33,354,7,0
2010-10-18,9,2,8,33,649,3,1
2010-10-18,9,2,8,33,931,3,1
2010-10-18,9,2,8,34,228,1,2
2010-10-18,9,2,8,34,517,5,0
2010-10-18,9,2,8,34,807,6,2
2010-10-18,9,2,8,35,96,10,1
2010-10-18,9,2,8,35,374,8,0
2010-10-18,9,2,8,35,675,7,1
2010-10-18,9,2,8,35,965,4,0
2010-10-18,9,2,8,36,240,2,0
2010-10-18,9,2,8,36,544,4,1
2010-10-18,9,2,8,36,817,5,1
2010-10-18,9,2,8,37,179,5,0
2010-10-18,9,2,8,37,413,9,1
2010-10-18,9,2,8,37,682,2,2
2010-10-18,9,2,8,37,971,3,0
2010-10-18,9,2,8,38,281,5,1
2010-10-18,9,2,8,38,548,3,1
2010-10-18,9,2,8,38,860,6,1
2010-10-18,9,2,8,39,125,6,0
2010-10-18,9,2,8,39,414,4,1
2010-10-18,9,2,8,39,703,3,2
2010-10-18,9,2,8,40,18,6,1
2010-10-18,9,2,8,40,308,5,2
2010-10-18,9,2,8,40,598,8,0
2010-10-18,9,2,8,40,887,6,0
2010-10-18,9,2,8,41,177,6,0
2010-10-18,9,2,8,41,466,3,2
2010-10-18,9,2,8,41,756,5,1
2010-10-18,9,2,8,42,45,4,1
2010-10-18,9,2,8,42,300,5,2
2010-10-18,9,2,8,42,588,3,2
2010-10-18,9,2,8,42,877,7,1
2010-10-18,9,2,8,42,203,6,2
2010-10-18,9,2,8,43,493,7,1
2010-10-18,9,2,8,43,782,9,1
2010-10-18,9,2,8,44,72,4,0
2010-10-18,9,2,8,44,320,5,4
2010-10-18,9,2,8,44,608,8,0
2010-10-18,9,2,8,44,897,7,0
2010-10-18,9,2,8,44,230,4,0
2010-10-18,9,2,8,45,230,4,0
2010-10-18,9,2,8,45,520,4,0
2010-10-18,9,2,8,45,763,1,0
2010-10-18,9,2,8,46,99,6,1
2010-10-18,9,2,8,46,388,4,0
2010-10-18,9,2,8,46,629,7,2
2010-10-18,9,2,8,46,917,10,2
2010-10-18,9,2,8,47,206,10,1
2010-10-18,9,2,8,47,494,3,2
2010-10-18,9,2,8,47,783,4,1
2010-10-18,9,2,8,48,125,6,1
2010-10-18,9,2,8,48,360,5,2
2010-10-18,9,2,8,48,649,3,1
2010-10-18,9,2,8,48,994,5,0
2010-10-18,9,2,8,49,226,3,2
2010-10-18,9,2,8,49,572,3,2
2010-10-18,9,2,8,49,861,4,4
2010-10-18,9,2,8,50,149,1,3
2010-10-18,9,2,8,50,438,3,4
2010-10-18,9,2,8,50,727,5,2
2010-10-18,9,2,8,51,15,3,2
2010-10-18,9,2,8,51,304,4,5
2010-10-18,9,2,8,51,592,4,5
2010-10-18,9,2,8,51,881,0,3
2010-10-18,9,2,8,52,169,4,2
2010-10-18,9,2,8,52,458,8,2
2010-10-18,9,2,8,52,747,4,2
2010-10-18,9,2,8,52,35,4,2
2010-10-18,9,2,8,52,324,1,4
2010-10-18,9,2,8,53,612,3,5
2010-10-18,9,2,8,53,901,1,1
2010-10-18,9,2,8,54,189,2,3
2010-10-18,9,2,8,54,478,5,3
2010-10-18,9,2,8,55,767,4,3
2010-10-18,9,2,8,55,55,5,4
2010-10-18,9,2,8,55,344,5,1
2010-10-18,9,2,8,55,632,4,4
2010-10-18,9,2,8,55,921,3,3
2010-10-18,9,2,8,56,209,3,2
2010-10-18,9,2,8,56,498,3,3
2010-10-18,9,2,8,56,787,0,3
2010-10-18,9,2,8,57,75,1,6
2010-10-18,9,2,8,57,364,3,4
2010-10-18,9,2,8,57,652,7,1
2010-10-18,9,2,8,57,941,2,4
2010-10-18,9,2,8,58,229,2,0
2010-10-18,9,2,8,58,518,9,1
2010-10-18,9,2,8,58,806,2,2
2010-10-18,9,2,8,59,95,1,1
2010-10-18,9,2,8,59,384,2,3
2010-10-18,9,2,8,59,672,0,3
2010-10-18,9,2,8,59,961,3,4
2010-10-18,9,2,9,0,249,4,2
2010-10-18,9,2,9,0,538,4,5
2010-10-18,9,2,9,0,826,3,2
2010-10-18,9,2,9,1,115,1,1
2010-10-18,9,2,9,1,404,0,4
2010-10-18,9,2,9,1,692,1,2
2010-10-18,9,2,9,1,981,1,2
2010-10-18,9,2,9,2,269,6,2
2010-10-18,9,2,9,2,558,0,3
2010-10-18,9,2,9,2,846,0,2
2010-10-18,9,2,9,3,135,3,5
2010-10-18,9,2,9,3,424,1,1
2010-10-18,9,2,9,3,712,3,1
2010-10-18,9,2,9,4,1,2,2
2010-10-18,9,2,9,4,289,2,1
2010-10-18,9,2,9,4,578,1,1
2010-10-18,9,2,9,4,866,2,0
2010-10-18,9,2,9,5,155,1,3
2010-10-18,9,2,9,5,444,1,1
2010-10-18,9,2,9,5,732,3,1
2010-10-18,9,2,9,6,721,6,4
2010-10-18,9,2,9,6,309,0,1
2010-10-18,9,2,9,6,598,1,3
2010-10-18,9,2,9,7,233,1,0
2010-10-18,9,2,9,7,810,1,1
2010-10-18,9,2,9,8,99,0,3
2010-10-18,9,2,9,8,237,2,2
2010-10-18,9,2,9,8,676,0,7
2010-10-18,9,2,9,8,964,2,0
2010-10-18,9,2,9,9,253,0,3
2010-10-18,9,2,9,9,541,0,4
2010-10-18,9,2,9,9,830,2,0
2010-10-18,9,2,9,10,119,0,1
2010-10-18,9,2,9,10,407,1,1
2010-10-18,9,2,9,10,696,0,3
2010-10-18,9,2,9,10,984,1,4
2010-10-18,9,2,9,11,273,1,0
2010-10-18,9,2,9,11,561,2,2
2010-10-18,9,2,9,11,850,1,1
2010-10-18,9,2,9,12,139,1,1
2010-10-18,9,2,9,12,427,5,2
2010-10-18,9,2,9,12,716,1,0
2010-10-18,9,2,9,13,4,1,1
2010-10-18,9,2,9,13,293,0,2
2010-10-18,9,2,9,13,581,2,1
2010-10-18,9,2,9,13,878,0,1
2010-10-18,9,2,9,14,447,2,2
2010-10-18,9,2,9,14,736,1,0
2010-10-18,9,2,9,15,24,1,0
2010-10-18,9,2,9,15,313,3,2
2010-10-18,9,2,9,15,601,0,1
2010-10-18,9,2,9,15,890,1,2
2010-10-18,9,2,9,16,178,3,0
2010-10-18,9,2,9,16,467,2,2
2010-10-18,9,2,9,16,756,0,2
2010-10-18,9,2,9,17,44,0,3
2010-10-18,9,2,9,17,333,0,2
2010-10-18,9,2,9,17,621,1,0
2010-10-18,9,2,9,17,910,1,0
2010-10-18,9,2,9,18,198,1,1
2010-10-18,9,2,9,18,776,0,1
2010-10-18,9,2,9,19,64,2,3
2010-10-18,9,2,9,19,353,0,2
2010-10-18,9,2,9,19,930,1,1
2010-10-18,9,2,9,20,218,1,0
2010-10-18,9,2,9,20,507,3,0
2010-10-18,9,2,9,21,84,2,0
2010-10-18,9,2,9,21,373,0,1
2010-10-18,9,2,9,21,892,2,0
2010-10-18,9,2,9,22,181,1,2
2010-10-18,9,2,9,22,469,1,1
2010-10-18,9,2,9,23,335,1,1
2010-10-18,9,2,9,23,624,1,1
2010-10-18,9,2,9,23,912,1,0
2010-10-18,9,2,9,24,605,1,1
2010-10-18,9,2,9,24,893,4,0
2010-10-18,9,2,9,26,48,2,0
2010-10-18,9,2,9,26,336,1,1
2010-10-18,9,2,9,26,625,0,1
2010-10-18,9,2,9,27,202,1,0
2010-10-18,9,2,9,27,491,2,0
2010-10-18,9,2,9,27,779,2,1
2010-10-18,9,2,9,28,356,1,0
2010-10-18,9,2,9,28,645,2,1
2010-10-18,9,2,9,28,933,0,1
2010-10-18,9,2,9,29,511,2,0
2010-10-18,9,2,9,29,799,2,0
2010-10-18,9,2,9,30,88,5,1
2010-10-18,9,2,9,30,376,2,1
2010-10-18,9,2,9,30,665,1,0
2010-10-18,9,2,9,30,953,1,0
2010-10-18,9,2,9,31,531,2,0
2010-10-18,9,2,9,31,819,2,0
2010-10-18,9,2,9,32,396,0,1
2010-10-18,9,2,9,32,685,2,0
2010-10-18,9,2,9,32,973,2,1
2010-10-18,9,2,9,33,262,2,0
2010-10-18,9,2,9,34,128,0,1
2010-10-18,9,2,9,34,416,1,0
2010-10-18,9,2,9,34,705,1,1
2010-10-18,9,2,9,34,993,0,1
2010-10-18,9,2,9,35,282,0,1
2010-10-18,9,2,9,35,570,3,1
2010-10-18,9,2,9,36,148,1,0
2010-10-18,9,2,9,36,436,1,0
2010-10-18,9,2,9,37,13,2,0
2010-10-18,9,2,9,37,590,2,0
2010-10-18,9,2,9,37,879,2,0
2010-10-18,9,2,9,38,168,3,0
2010-10-18,9,2,9,38,745,2,0
2010-10-18,9,2,9,39,322,0,1
2010-10-18,9,2,9,39,610,2,0
2010-10-18,9,2,9,39,899,3,0
2010-10-18,9,2,9,40,188,3,2
2010-10-18,9,2,9,40,476,0,2
2010-10-18,9,2,9,40,765,2,0
2010-10-18,9,2,9,41,53,2,0
2010-10-18,9,2,9,41,342,2,0
2010-10-18,9,2,9,41,688,2,0
2010-10-18,9,2,9,41,977,3,0
2010-10-18,9,2,9,42,265,2,0
2010-10-18,9,2,9,42,843,1,0
2010-10-18,9,2,9,43,131,3,1
2010-10-18,9,2,9,43,420,3,0
2010-10-18,9,2,9,43,708,2,0
2010-10-18,9,2,9,43,997,2,0
2010-10-18,9,2,9,44,285,2,0
2010-10-18,9,2,9,44,574,3,0
2010-10-18,9,2,9,44,863,2,0
2010-10-18,9,2,9,45,151,2,0
2010-10-18,9,2,9,45,440,4,0
2010-10-18,9,2,9,45,728,4,0
2010-10-18,9,2,9,46,305,2,1
2010-10-18,9,2,9,46,594,4,0
2010-10-18,9,2,9,46,883,2,0
2010-10-18,9,2,9,47,171,3,0
2010-10-18,9,2,9,47,460,3,0
2010-10-18,9,2,9,48,37,2,0
2010-10-18,9,2,9,48,325,5,0
2010-10-18,9,2,9,48,614,1,0
2010-10-18,9,2,9,48,903,3,0
2010-10-18,9,2,9,49,480,2,0
2010-10-18,9,2,9,49,768,1,1
2010-10-18,9,2,9,50,57,2,0
2010-10-18,9,2,9,50,345,2,0
2010-10-18,9,2,9,50,634,1,0
2010-10-18,9,2,9,50,922,4,0
2010-10-18,9,2,9,51,788,2,0
2010-10-18,9,2,9,52,77,3,0
2010-10-18,9,2,9,52,365,2,0
2010-10-18,9,2,9,52,654,3,0
2010-10-18,9,2,9,52,942,3,0
2010-10-18,9,2,9,52,520,2,0
2010-10-18,9,2,9,53,808,1,0
2010-10-18,9,2,9,54,97,2,0
2010-10-18,9,2,9,54,385,2,0
2010-10-18,9,2,9,54,251,1,0
2010-10-18,9,2,9,55,540,3,0
2010-10-18,9,2,9,55,828,0,1
2010-10-18,9,2,9,56,117,1,0
2010-10-18,9,2,9,56,694,2,0
2010-10-18,9,2,9,56,982,1,0
2010-10-18,9,2,9,57,271,1,0
2010-10-18,9,2,9,57,560,1,0
2010-10-18,9,2,9,57,848,1,1
2010-10-18,9,2,9,59,60,0,1
2010-10-18,9,2,9,59,637,1,0
2010-10-18,9,2,9,59,926,1,0
2010-10-18,9,2,10,1,80,2,0
2010-10-18,9,2,10,1,946,2,0
2010-10-18,9,2,10,3,100,1,1
2010-10-18,9,2,10,5,697,1,0
2010-10-18,10,2,24,1,173,1,0
2010-10-18,10,2,24,1,750,0,1
2010-10-18,10,2,24,2,616,1,0
2010-10-18,10,2,24,2,905,2,0
2010-10-18,10,2,24,3,482,2,0
2010-10-18,10,2,24,4,59,2,0
2010-10-18,10,2,24,4,348,3,0
2010-10-18,10,2,24,4,636,2,0
2010-10-18,10,2,24,4,925,4,0
2010-10-18,10,2,24,5,213,2,0
2010-10-18,10,2,24,5,502,2,0
2010-10-18,10,2,24,5,790,4,0
2010-10-18,10,2,24,6,79,2,0
2010-10-18,10,2,24,6,368,1,0
2010-10-18,10,2,24,6,656,1,1
2010-10-18,10,2,24,6,945,0,1
2010-10-18,10,2,24,7,233,1,0
2010-10-18,10,2,24,8,99,2,0
2010-10-18,10,2,24,8,388,1,0
2010-10-18,10,2,24,8,676,1,0
2010-10-18,10,2,24,9,830,1,0
2010-10-18,10,2,24,10,119,3,0
2010-10-18,10,2,24,10,408,2,1
2010-10-18,10,2,24,11,274,2,0
2010-10-18,10,2,24,11,562,2,1
2010-10-18,10,2,24,11,851,2,0
2010-10-18,10,2,24,12,428,1,1
2010-10-18,10,2,24,13,5,1,0
2010-10-18,10,2,24,13,294,2,1
2010-10-18,10,2,24,13,582,2,0
2010-10-18,10,2,24,13,871,1,0
2010-10-18,10,2,24,14,159,2,1
2010-10-18,10,2,24,14,448,2,0
2010-10-18,10,2,24,14,737,1,0
2010-10-18,10,2,24,15,25,1,0
2010-10-18,10,2,24,15,314,1,0
2010-10-18,10,2,24,15,602,0,1
2010-10-18,10,2,24,16,179,2,0
2010-10-18,10,2,24,17,622,0,2
2010-10-18,10,2,24,17,911,2,0
2010-10-18,10,2,24,18,200,1,1
2010-10-18,10,2,24,18,488,1,0
2010-10-18,10,2,24,18,777,1,0
2010-10-18,10,2,24,19,65,2,0
2010-10-18,10,2,24,20,797,2,0
2010-10-18,10,2,24,21,951,1,0
2010-10-18,10,2,24,22,240,1,0
2010-10-18,10,2,24,23,394,1,0
2010-10-18,10,2,24,23,971,2,0
2010-10-18,10,2,24,24,837,1,0
2010-10-18,10,2,24,25,126,1,0
2010-10-18,10,2,24,25,703,1,0
2010-10-18,10,2,24,26,280,1,0
2010-10-18,10,2,24,26,857,2,0
2010-10-18,10,2,24,27,146,2,0
2010-10-18,10,2,24,27,491,2,0
2010-10-18,10,2,24,27,780,4,0
2010-10-18,10,2,24,28,68,3,1
2010-10-18,10,2,24,28,646,4,0
2010-10-18,10,2,24,28,934,2,0
2010-10-18,10,2,24,29,511,3,0
2010-10-18,10,2,24,30,88,5,0
2010-10-18,10,2,24,30,377,6,0
2010-10-18,10,2,24,30,666,5,0
2010-10-18,10,2,24,30,954,3,0
2010-10-18,10,2,24,31,243,3,0
2010-10-18,10,2,24,31,531,2,0
2010-10-18,10,2,24,32,397,2,0
2010-10-18,10,2,24,32,686,2,0
2010-10-18,10,2,24,33,551,2,0
2010-10-18,10,2,24,33,840,3,0
2010-10-18,10,2,24,34,129,2,0
2010-10-18,10,2,24,34,417,0,1
2010-10-18,10,2,24,34,706,3,0
2010-10-18,10,2,24,34,994,2,0
2010-10-18,10,2,24,35,283,1,0
2010-10-18,10,2,24,35,572,1,0
2010-10-18,10,2,24,35,860,1,1
2010-10-18,10,2,24,36,149,2,0
2010-10-18,10,2,24,36,437,3,1
2010-10-18,10,2,24,36,726,2,1
2010-10-18,10,2,24,37,303,1,0
2010-10-18,10,2,24,38,169,1,0
2010-10-18,10,2,24,38,457,2,0
2010-10-18,10,2,24,38,746,2,0
2010-10-18,10,2,24,39,35,3,0
2010-10-18,10,2,24,39,323,1,0
2010-10-18,10,2,24,39,612,2,0
2010-10-18,10,2,24,39,900,1,1
2010-10-18,10,2,24,40,477,2,1
2010-10-18,10,2,24,40,766,1,1
2010-10-18,10,2,24,41,55,1,0
2010-10-18,10,2,24,41,343,2,0
2010-10-18,10,2,24,41,632,4,0
2010-10-18,10,2,24,41,920,2,0
2010-10-18,10,2,24,42,209,2,0
2010-10-18,10,2,24,42,786,2,0
2010-10-18,10,2,24,43,75,5,0
2010-10-18,10,2,24,43,363,1,0
2010-10-18,10,2,24,44,229,2,0
2010-10-18,10,2,24,44,864,1,0
2010-10-18,10,2,24,45,441,1,0
2010-10-18,10,2,24,46,596,2,0
2010-10-18,10,2,24,47,173,1,0
2010-10-18,10,2,24,48,38,2,0
2010-10-18,10,2,24,48,327,1,1
2010-10-18,10,2,24,48,904,1,0
2010-10-18,10,2,24,49,193,1,0
2010-10-18,10,2,24,49,481,1,0
2010-10-18,10,2,24,49,770,3,0
2010-10-18,10,2,24,50,58,1,0
2010-10-18,10,2,24,51,213,0,1
2010-10-18,10,2,24,51,501,1,0
2010-10-18,10,2,24,52,367,0,1
2010-10-18,10,2,24,52,656,1,0
2010-10-18,10,2,24,53,521,1,0
2010-10-18,10,2,24,53,810,1,0
2010-10-18,10,2,24,54,387,1,0
2010-10-18,10,2,24,54,675,2,0
2010-10-18,10,2,24,55,541,1,0
2010-10-18,10,2,24,56,118,1,0
2010-10-18,10,2,24,56,984,0,1
2010-10-18,10,2,24,57,561,1,0
2010-10-18,10,2,24,58,138,3,0
2010-10-18,10,2,24,59,4,1,0
2010-10-18,10,2,24,59,293,1,1
2010-10-18,10,2,24,59,870,1,0
2010-10-18,10,2,25,0,447,1,0
2010-10-18,10,2,25,0,735,2,0
2010-10-18,10,2,25,1,601,1,0
2010-10-18,10,2,25,1,890,3,1
2010-10-18,10,2,25,2,236,1,0
2010-10-18,10,2,25,2,525,1,1
2010-10-18,10,2,25,3,390,1,0
2010-10-18,10,2,25,5,699,2,0
2010-10-18,10,2,25,5,988,1,0
2010-10-18,10,2,25,7,142,1,1
2010-10-18,10,2,25,7,430,1,0
2010-10-18,10,2,25,8,585,1,0
2010-10-18,10,2,25,8,873,1,0
2010-10-18,10,2,25,11,182,1,0
2010-10-18,10,2,25,11,759,1,0
2010-10-18,10,2,25,12,47,4,0
2010-10-18,10,2,25,12,336,1,0
2010-10-18,10,2,25,13,202,1,0
2010-10-18,10,2,25,13,490,1,1
2010-10-18,10,2,25,13,779,1,0
2010-10-18,10,2,25,14,67,2,0
2010-10-18,10,2,25,14,356,0,1
2010-10-18,10,2,25,15,222,3,0
2010-10-18,10,2,25,15,799,2,0
2010-10-18,10,2,25,16,87,1,1
2010-10-18,10,2,25,16,376,0,1
2010-10-18,10,2,25,16,953,1,0
2010-10-18,10,2,25,17,242,1,0
2010-10-18,10,2,25,17,819,1,0
2010-10-18,10,2,25,18,107,3,0
2010-10-18,10,2,25,18,396,2,0
2010-10-18,10,2,25,18,973,2,0
2010-10-18,10,2,25,19,608,2,0
2010-10-18,10,2,25,20,185,1,0
2010-10-18,10,2,25,21,340,1,0
2010-10-18,10,2,25,25,380,2,0
2010-10-18,10,2,25,25,668,2,0
2010-10-18,10,2,25,26,534,1,0
2010-10-18,10,2,25,27,111,1,0
2010-10-18,10,2,25,28,554,1,0
2010-10-18,10,2,25,31,209,1,0
2010-10-18,10,2,25,33,229,1,0
2010-10-18,10,2,25,33,517,1,0
2010-10-18,10,2,25,34,383,2,0
2010-10-18,10,2,25,35,249,2,1
2010-10-18,10,2,25,35,826,0,1
2010-10-18,10,2,25,36,114,1,1
2010-10-18,10,2,25,37,557,2,0
2010-10-18,10,2,25,37,846,1,0
2010-10-18,10,2,25,38,134,1,0
2010-10-18,10,2,25,38,423,2,0
2010-10-18,10,2,25,39,289,3,0
2010-10-18,10,2,25,39,577,1,0
2010-10-18,10,2,25,39,866,3,0
2010-10-18,10,2,25,40,443,4,1
2010-10-18,10,2,25,41,309,2,0
2010-10-18,10,2,25,41,886,4,0
2010-10-18,10,2,25,42,752,1,0
2010-10-18,10,2,25,43,906,1,0
2010-10-18,10,2,25,44,194,1,0
2010-10-18,10,2,25,44,483,1,0
2010-10-18,10,2,25,45,60,1,0
2010-10-18,10,2,25,47,369,1,0
2010-10-18,10,2,25,47,657,1,0
2010-10-18,10,2,25,51,409,1,0
2010-10-18,10,2,25,51,697,1,0
2010-10-18,10,2,25,53,140,1,0
2010-10-18,10,2,25,53,429,1,0
2010-10-18,10,2,25,54,352,1,0
2010-10-18,10,2,25,56,661,1,0
2010-10-18,10,2,25,57,226,1,0
2010-10-18,10,2,25,59,835,1,0
2010-10-18,10,2,26,7,49,1,0
2010-10-18,10,2,26,10,223,1,0
2010-10-18,10,2,26,42,370,1,0
2010-10-18,11,2,40,40,272,2,0
2010-10-18,11,2,40,40,561,1,0
2010-10-18,11,2,40,40,849,1,0
2010-10-18,11,2,40,41,140,2,0
2010-10-18,11,2,40,41,430,1,0
2010-10-18,11,2,40,41,719,2,0
2010-10-18,11,2,40,42,298,1,0
2010-10-18,11,2,40,43,157,2,0
2010-10-18,11,2,40,43,446,2,0
2010-10-18,11,2,40,44,36,1,0
2010-10-18,11,2,40,44,254,1,0
2010-10-18,11,2,40,44,542,1,0
2010-10-18,11,2,40,44,831,1,0
2010-10-18,11,2,40,46,274,1,0
2010-10-18,11,2,40,46,562,1,0
2010-10-18,11,2,40,47,717,1,0
2010-10-18,11,2,40,48,5,3,0
2010-10-18,11,2,40,48,871,1,0
2010-10-18,11,2,40,49,736,1,0
2010-10-18,11,2,40,50,25,1,0
2010-10-18,11,2,40,50,256,1,0
2010-10-18,11,2,40,50,544,1,0
2010-10-18,11,2,40,50,833,1,0
2010-10-18,11,2,40,51,122,1,0
2010-10-18,11,2,40,52,276,1,0
2010-10-18,11,2,40,52,564,1,0
2010-10-18,11,2,40,53,142,1,0
2010-10-18,11,2,40,53,142,1,0
2010-10-18,11,2,40,53,430,1,0
2010-10-18,11,2,40,54,296,1,0
2010-10-18,11,2,40,54,584,3,0
2010-10-18,11,2,40,54,873,1,0
2010-10-18,11,2,40,55,162,1,0
2010-10-18,11,2,40,55,681,2,0
2010-10-18,11,2,40,55,970,1,0
2010-10-18,11,2,40,56,835,3,0
2010-10-18,11,2,40,57,124,1,0
2010-10-18,11,2,40,57,586,2,0
2010-10-18,11,2,40,57,644,1,0
2010-10-18,11,2,40,58,221,1,0
2010-10-18,11,2,40,58,509,1,0
2010-10-18,11,2,40,59,375,1,0
2010-10-18,11,2,40,59,663,3,0
2010-10-18,11,2,41,0,241,1,0
2010-10-18,11,2,41,0,529,1,0
2010-10-18,11,2,41,0,818,3,0
2010-10-18,11,2,41,1,106,1,0
2010-10-18,11,2,41,1,395,1,0
2010-10-18,11,2,41,1,683,2,0
2010-10-18,11,2,41,2,549,1,0
2010-10-18,11,2,41,2,838,1,0
2010-10-18,11,2,41,3,415,1,0
2010-10-18,11,2,41,3,703,1,0
2010-10-18,11,2,41,3,992,2,0
2010-10-18,11,2,41,4,281,2,0
2010-10-18,11,2,41,4,569,1,0
2010-10-18,11,2,41,4,800,1,0
2010-10-18,11,2,41,5,897,1,0
2010-10-18,11,2,41,6,185,1,0
2010-10-18,11,2,41,7,51,2,0
2010-10-18,11,2,41,7,628,2,0
2010-10-18,11,2,41,8,782,1,0
2010-10-18,11,2,41,9,71,2,0
2010-10-18,11,2,41,9,359,1,0
2010-10-18,11,2,41,10,225,1,0
2010-10-18,11,2,41,10,514,1,0
2010-10-18,11,2,41,10,802,1,0
2010-10-18,11,2,41,11,91,1,0
2010-10-18,11,2,41,11,956,1,0
2010-10-18,11,2,41,12,245,2,0
2010-10-18,11,2,41,12,822,1,0
2010-10-18,11,2,41,13,688,1,0
2010-10-18,11,2,41,13,976,1,0
2010-10-18,11,2,41,14,554,1,0
2010-10-18,11,2,41,14,958,2,0
2010-10-18,11,2,41,15,16,2,0
2010-10-18,11,2,41,15,305,1,0
2010-10-18,11,2,41,15,535,1,0
2010-10-18,11,2,41,15,823,1,0
2010-10-18,11,2,41,16,112,1,0
2010-10-18,11,2,41,16,689,4,0
2010-10-18,11,2,41,16,978,1,0
2010-10-18,11,2,41,17,266,1,0
2010-10-18,11,2,41,17,555,2,0
2010-10-18,11,2,41,17,843,2,0
2010-10-18,11,2,41,21,306,2,0
2010-10-18,11,2,41,21,883,2,0
2010-10-18,11,2,41,22,561,1,0
2010-10-18,11,2,41,23,38,2,0
2010-10-18,11,2,41,23,903,3,0
2010-10-18,11,2,41,24,142,1,0
2010-10-18,11,2,41,24,480,1,0
2010-10-18,11,2,41,25,58,1,0
2010-10-18,11,2,41,25,346,1,0
2010-10-18,11,2,41,25,635,1,0
2010-10-18,11,2,41,25,923,4,0
2010-10-18,11,2,41,26,212,1,0
2010-10-18,11,2,41,27,78,1,0
2010-10-18,11,2,41,27,655,1,0
2010-10-18,11,2,41,28,520,1,0
2010-10-18,11,2,41,28,809,1,0
2010-10-18,11,2,41,29,386,2,0
2010-10-18,11,2,41,30,252,1,0
2010-10-18,11,2,41,31,118,3,0
2010-10-18,11,2,41,31,406,1,0
2010-10-18,11,2,41,31,695,1,0
2010-10-18,11,2,41,32,214,3,0
2010-10-18,11,2,41,32,388,3,0
2010-10-18,11,2,41,33,141,2,0
2010-10-18,11,2,41,34,588,1,0
2010-10-18,11,2,41,34,878,1,0
2010-10-18,11,2,41,35,168,1,0
2010-10-18,11,2,41,35,457,1,0
2010-10-18,11,2,41,35,747,4,0
2010-10-18,11,2,41,36,36,1,0
2010-10-18,11,2,41,36,615,2,0
2010-10-18,11,2,41,36,905,3,0
2010-10-18,11,2,41,37,194,2,0
2010-10-18,11,2,41,37,484,1,0
2010-10-18,11,2,41,38,63,2,0
2010-10-18,11,2,41,38,352,1,0
2010-10-18,11,2,41,38,642,3,0
2010-10-18,11,2,41,38,931,1,0
2010-10-18,11,2,41,39,221,0,1
2010-10-18,11,2,41,39,511,2,0
2010-10-18,11,2,41,39,800,2,0
2010-10-18,11,2,41,40,90,1,0
2010-10-18,11,2,41,40,379,1,0
2010-10-18,11,2,41,40,669,1,0
2010-10-18,11,2,41,40,958,2,0
2010-10-18,11,2,41,42,406,0,1
2010-10-18,11,2,41,42,985,1,0
2010-10-18,11,2,41,43,275,2,0
2010-10-18,11,2,41,44,143,1,0
2010-10-18,11,2,41,44,433,1,0
2010-10-18,11,2,41,45,12,2,0
2010-10-18,11,2,41,45,591,1,0
2010-10-18,11,2,41,46,170,1,0
2010-10-18,11,2,41,46,459,1,0
2010-10-18,11,2,41,46,749,1,0
2010-10-18,11,2,41,47,907,1,0
2010-10-18,11,2,41,48,776,1,0
2010-10-18,11,2,41,49,65,1,0
2010-10-18,11,2,41,49,355,1,0
2010-10-18,11,2,41,49,644,0,1
2010-10-18,11,2,41,50,279,1,0
2010-10-18,11,2,41,51,145,1,0
2010-10-18,11,2,41,51,433,2,0
2010-10-18,11,2,41,51,722,1,0
2010-10-18,11,2,41,52,10,1,0
2010-10-18,11,2,41,52,587,1,0
2010-10-18,11,2,41,53,165,0,1
2010-10-18,11,2,41,53,453,1,0
2010-10-18,11,2,41,54,319,1,0
2010-10-18,11,2,41,54,607,3,0
2010-10-18,11,2,41,54,896,1,0
2010-10-18,11,2,41,56,50,1,0
2010-10-18,11,2,41,56,627,1,0
2010-10-18,11,2,41,56,916,1,0
2010-10-18,11,2,41,57,205,2,0
2010-10-18,11,2,41,58,936,1,0
2010-10-18,11,2,42,2,110,1,0
2010-10-18,11,2,42,4,130,1,0
2010-10-18,11,2,42,6,439,3,0
2010-10-18,11,2,42,6,727,1,0
2010-10-18,11,2,42,7,16,1,0
2010-10-18,11,2,42,10,537,1,1
2010-10-18,11,2,42,16,597,0,1
2010-10-18,11,2,42,16,886,1,0
2010-10-18,11,2,42,17,463,1,0
2010-10-18,11,2,42,20,60,1,0
2010-10-18,11,2,42,22,80,1,0
2010-10-18,11,2,42,24,734,1,0
2010-10-18,11,2,42,25,889,1,0
2010-10-18,11,2,42,29,352,1,0
2010-10-18,11,2,42,32,238,1,0
2010-10-18,11,2,48,48,710,0,1
2010-10-18,12,2,57,28,372,3,0
2010-10-18,12,2,57,28,660,1,0
2010-10-18,12,2,57,29,238,2,0
2010-10-18,12,2,57,29,526,3,0
2010-10-18,12,2,57,29,815,1,0
2010-10-18,12,2,57,30,103,1,0
2010-10-18,12,2,57,30,392,2,0
2010-10-18,12,2,57,30,969,1,0
2010-10-18,12,2,57,31,258,1,0
2010-10-18,12,2,57,32,123,3,0
2010-10-18,12,2,57,32,412,1,0
2010-10-18,12,2,57,33,278,2,0
2010-10-18,12,2,57,33,566,6,0
2010-10-18,12,2,57,33,855,2,0
2010-10-18,12,2,57,34,143,4,0
2010-10-18,12,2,57,34,432,3,0
2010-10-18,12,2,57,34,720,2,0
2010-10-18,12,2,57,35,586,1,0
2010-10-18,12,2,57,35,875,1,0
2010-10-18,12,2,57,36,163,2,0
2010-10-18,12,2,57,36,452,3,0
2010-10-18,12,2,57,36,740,2,0
2010-10-18,12,2,57,37,29,3,0
2010-10-18,12,2,57,37,317,1,1
2010-10-18,12,2,57,37,895,1,0
2010-10-18,12,2,57,38,183,3,0
2010-10-18,12,2,57,38,472,2,0
2010-10-18,12,2,57,38,760,6,0
2010-10-18,12,2,57,39,49,2,0
2010-10-18,12,2,57,39,337,2,0
2010-10-18,12,2,57,39,626,5,0
2010-10-18,12,2,57,39,915,1,0
2010-10-18,12,2,57,40,203,5,0
2010-10-18,12,2,57,40,492,3,0
2010-10-18,12,2,57,40,780,2,0
2010-10-18,12,2,57,41,69,2,0
2010-10-18,12,2,57,41,357,3,0
2010-10-18,12,2,57,41,646,4,0
2010-10-18,12,2,57,41,935,5,0
2010-10-18,12,2,57,42,223,3,0
2010-10-18,12,2,57,42,512,3,0
2010-10-18,12,2,57,42,800,5,0
2010-10-18,12,2,57,43,89,3,0
2010-10-18,12,2,57,43,377,7,0
2010-10-18,12,2,57,43,666,6,0
2010-10-18,12,2,57,43,955,2,0
2010-10-18,12,2,57,44,243,3,0
2010-10-18,12,2,57,44,532,5,0
2010-10-18,12,2,57,44,820,5,0
2010-10-18,12,2,57,45,109,2,0
2010-10-18,12,2,57,45,455,4,0
2010-10-18,12,2,57,45,744,2,0
2010-10-18,12,2,57,46,32,1,0
2010-10-18,12,2,57,46,610,5,0
2010-10-18,12,2,57,46,898,5,0
2010-10-18,12,2,57,47,187,4,0
2010-10-18,12,2,57,47,475,4,0
2010-10-18,12,2,57,47,764,4,0
2010-10-18,12,2,57,48,52,2,0
2010-10-18,12,2,57,48,341,4,0
2010-10-18,12,2,57,48,630,2,0
2010-10-18,12,2,57,48,918,2,0
2010-10-18,12,2,57,49,207,4,0
2010-10-18,12,2,57,49,495,1,0
2010-10-18,12,2,57,49,784,1,0
2010-10-18,12,2,57,50,72,3,0
2010-10-18,12,2,57,50,361,2,0
2010-10-18,12,2,57,50,650,5,0
2010-10-18,12,2,57,50,938,3,0
2010-10-18,12,2,57,51,227,4,0
2010-10-18,12,2,57,51,515,3,0
2010-10-18,12,2,57,51,804,3,0
2010-10-18,12,2,57,52,92,6,0
2010-10-18,12,2,57,52,381,4,0
2010-10-18,12,2,57,52,670,3,0
2010-10-18,12,2,57,52,958,2,0
2010-10-18,12,2,57,53,247,5,0
2010-10-18,12,2,57,53,535,3,0
2010-10-18,12,2,57,53,824,4,0
2010-10-18,12,2,57,54,112,3,0
2010-10-18,12,2,57,54,401,2,0
2010-10-18,12,2,57,54,689,1,0
2010-10-18,12,2,57,54,978,4,0
2010-10-18,12,2,57,55,267,3,0
2010-10-18,12,2,57,55,555,3,0
2010-10-18,12,2,57,55,844,3,0
2010-10-18,12,2,57,56,132,2,0
2010-10-18,12,2,57,56,421,3,0
2010-10-18,12,2,57,56,709,1,0
2010-10-18,12,2,57,56,998,1,0
2010-10-18,12,2,57,57,287,2,0
2010-10-18,12,2,57,57,575,1,0
2010-10-18,12,2,57,57,864,3,0
2010-10-18,12,2,57,58,152,3,1
2010-10-18,12,2,57,58,441,1,0
2010-10-18,12,2,57,58,729,2,0
2010-10-18,12,2,57,59,18,3,0
2010-10-18,12,2,57,59,307,3,0
2010-10-18,12,2,57,59,595,4,1
2010-10-18,12,2,57,59,884,4,0
2010-10-18,12,2,58,0,172,2,0
2010-10-18,12,2,58,0,461,3,0
2010-10-18,12,2,58,0,749,3,0
2010-10-18,12,2,58,1,38,2,0
2010-10-18,12,2,58,1,327,2,0
2010-10-18,12,2,58,1,615,2,0
2010-10-18,12,2,58,1,904,2,0
2010-10-18,12,2,58,2,192,2,0
2010-10-18,12,2,58,2,597,1,0
2010-10-18,12,2,58,2,885,3,0
2010-10-18,12,2,58,3,462,1,0
2010-10-18,12,2,58,3,751,3,0
2010-10-18,12,2,58,4,39,3,0
2010-10-18,12,2,58,4,328,2,0
2010-10-18,12,2,58,5,194,1,0
2010-10-18,12,2,58,5,482,1,0
2010-10-18,12,2,58,5,771,3,0
2010-10-18,12,2,58,6,60,1,0
2010-10-18,12,2,58,6,925,1,0
2010-10-18,12,2,58,7,214,1,0
2010-10-18,12,2,58,8,80,2,0
2010-10-18,12,2,58,9,234,3,0
2010-10-18,12,2,58,9,523,1,0
2010-10-18,12,2,58,10,388,3,0
2010-10-18,12,2,58,10,965,2,0
2010-10-18,12,2,58,11,254,1,0
2010-10-18,12,2,58,11,543,2,0
2010-10-18,12,2,58,11,831,2,0
2010-10-18,12,2,58,12,120,0,1
2010-10-18,12,2,58,12,408,1,0
2010-10-18,12,2,58,12,697,3,0
2010-10-18,12,2,58,13,851,2,0
2010-10-18,12,2,58,14,140,1,0
2010-10-18,12,2,58,14,428,1,0
2010-10-18,12,2,58,14,717,1,0
2010-10-18,12,2,58,15,6,1,0
2010-10-18,12,2,58,15,294,1,0
2010-10-18,12,2,58,15,583,1,0
2010-10-18,12,2,58,15,871,1,0
2010-10-18,12,2,58,16,218,1,0
2010-10-18,12,2,58,16,506,3,0
2010-10-18,12,2,58,17,949,1,0
2010-10-18,12,2,58,18,238,2,0
2010-10-18,12,2,58,18,526,1,0
2010-10-18,12,2,58,19,969,1,0
2010-10-18,12,2,58,20,257,1,0
2010-10-18,12,2,58,21,411,1,0
2010-10-18,12,2,58,21,642,1,0
2010-10-18,12,2,58,22,797,1,0
2010-10-18,12,2,58,23,85,1,0
2010-10-18,12,2,58,23,662,1,0
2010-10-18,12,2,58,24,528,1,0
2010-10-18,12,2,58,27,125,2,0
2010-10-18,12,2,58,27,703,1,0
2010-10-18,12,2,58,28,337,1,0
2010-10-18,12,2,58,30,69,1,0
2010-10-18,12,2,58,31,223,1,0
2010-10-18,12,2,58,32,666,1,0
2010-10-18,12,2,58,36,71,1,0
2010-10-18,12,2,58,36,360,1,0
2010-10-18,12,2,58,37,630,1,0
2010-10-18,12,2,58,40,516,1,0
2010-10-18,12,2,58,43,690,1,0
2010-10-18,12,2,58,55,2,0,1
2010-10-18,12,2,59,12,951,1,0
2010-10-18,13,3,14,15,492,2,0
2010-10-18,13,3,14,15,665,2,0
2010-10-18,13,3,14,15,954,2,0
2010-10-18,13,3,14,16,242,1,0
2010-10-18,13,3,14,16,531,1,0
2010-10-18,13,3,14,16,820,2,0
2010-10-18,13,3,14,17,108,1,0
2010-10-18,13,3,14,17,397,1,0
2010-10-18,13,3,14,17,685,1,0
2010-10-18,13,3,14,17,974,1,0
2010-10-18,13,3,14,18,262,1,0
2010-10-18,13,3,14,18,551,1,0
2010-10-18,13,3,14,19,128,3,0
2010-10-18,13,3,14,19,705,0,1
2010-10-18,13,3,14,19,994,1,0
2010-10-18,13,3,14,20,571,2,0
2010-10-18,13,3,14,20,860,2,0
2010-10-18,13,3,14,21,437,1,0
2010-10-18,13,3,14,21,725,1,0
2010-10-18,13,3,14,22,880,1,0
2010-10-18,13,3,14,23,168,1,0
2010-10-18,13,3,14,23,457,2,0
2010-10-18,13,3,14,23,745,1,0
2010-10-18,13,3,14,24,34,3,0
2010-10-18,13,3,14,24,322,2,0
2010-10-18,13,3,14,24,611,2,0
2010-10-18,13,3,14,24,899,1,0
2010-10-18,13,3,14,25,188,2,0
2010-10-18,13,3,14,25,477,1,0
2010-10-18,13,3,14,25,765,1,0
2010-10-18,13,3,14,26,54,2,0
2010-10-18,13,3,14,26,631,0,1
2010-10-18,13,3,14,27,208,1,0
2010-10-18,13,3,14,27,497,1,0
2010-10-18,13,3,14,27,785,2,0
2010-10-18,13,3,14,28,74,3,0
2010-10-18,13,3,14,28,362,2,0
2010-10-18,13,3,14,28,939,2,0
2010-10-18,13,3,14,29,228,5,0
2010-10-18,13,3,14,29,517,1,0
2010-10-18,13,3,14,29,805,2,0
2010-10-18,13,3,14,30,94,1,0
2010-10-18,13,3,14,30,382,1,0
2010-10-18,13,3,14,30,959,1,0
2010-10-18,13,3,14,31,248,1,0
2010-10-18,13,3,14,31,537,1,0
2010-10-18,13,3,14,31,825,1,0
2010-10-18,13,3,14,32,114,2,0
2010-10-18,13,3,14,32,402,1,1
2010-10-18,13,3,14,32,691,1,0
2010-10-18,13,3,14,33,95,1,0
2010-10-18,13,3,14,34,249,2,0
2010-10-18,13,3,14,35,404,3,0
2010-10-18,13,3,14,36,558,1,0
2010-10-18,13,3,14,37,135,2,0
2010-10-18,13,3,14,38,289,1,0
2010-10-18,13,3,14,39,155,1,0
2010-10-18,13,3,14,39,444,1,0
2010-10-18,13,3,14,40,886,1,0
2010-10-18,13,3,14,41,175,2,0
2010-10-18,13,3,14,41,752,1,0
2010-10-18,13,3,14,42,41,1,0
2010-10-18,13,3,14,43,772,1,0
2010-10-18,13,3,14,44,349,2,0
2010-10-18,13,3,14,44,638,2,0
2010-10-18,13,3,14,44,926,1,0
2010-10-18,13,3,14,45,215,1,0
2010-10-18,13,3,14,45,503,1,0
2010-10-18,13,3,14,46,81,1,0
2010-10-18,13,3,14,46,369,1,0
2010-10-18,13,3,14,47,812,1,0
2010-10-18,13,3,14,48,101,1,0
2010-10-18,13,3,14,48,389,1,0
2010-10-18,13,3,14,48,966,1,0
2010-10-18,13,3,14,49,543,2,0
2010-10-18,13,3,14,50,179,1,0
2010-10-18,13,3,14,51,44,1,0
2010-10-18,13,3,14,53,64,1,0
2010-10-18,13,3,14,53,353,1,0
2010-10-18,13,3,14,53,930,1,0
2010-10-18,13,3,14,55,950,0,1
2010-10-18,13,3,14,56,238,1,0
2010-10-18,13,3,14,58,547,0,1
2010-10-18,13,3,14,58,836,3,0
2010-10-18,13,3,14,59,413,2,0
2010-10-18,13,3,15,0,278,2,0
2010-10-18,13,3,15,0,567,2,0
2010-10-18,13,3,15,1,144,1,0
2010-10-18,13,3,15,2,10,1,0
2010-10-18,13,3,15,2,298,1,0
2010-10-18,13,3,15,2,875,2,0
2010-10-18,13,3,15,3,453,1,0
2010-10-18,13,3,15,3,741,4,0
2010-10-18,13,3,15,4,895,1,0
2010-10-18,13,3,15,5,184,1,0
2010-10-18,13,3,15,5,761,0,1
2010-10-18,13,3,15,6,50,1,0
2010-10-18,13,3,15,6,915,1,0
2010-10-18,13,3,15,7,204,0,1
2010-10-18,13,3,15,8,128,1,0
2010-10-18,13,3,15,9,282,1,0
2010-10-18,13,3,15,9,859,1,0
2010-10-18,13,3,15,10,436,1,0
2010-10-18,13,3,15,11,13,1,0
2010-10-18,13,3,15,11,879,1,0
2010-10-18,13,3,15,12,168,2,0
2010-10-18,13,3,15,12,745,3,0
2010-10-18,13,3,15,13,610,1,0
2010-10-18,13,3,15,14,476,1,0
2010-10-18,13,3,15,14,765,1,1
2010-10-18,13,3,15,15,53,1,0
2010-10-18,13,3,15,15,919,2,0
2010-10-18,13,3,15,16,496,1,0
2010-10-18,13,3,15,17,650,1,0
2010-10-18,13,3,15,19,382,1,0
2010-10-18,13,3,15,21,113,1,0
2010-10-18,13,3,15,21,690,1,0
2010-10-18,13,3,15,22,267,1,0
2010-10-18,13,3,15,22,845,1,0
2010-10-18,13,3,15,23,999,1,0
2010-10-18,13,3,15,24,287,1,0
2010-10-18,13,3,15,27,808,1,0
2010-10-18,13,3,15,28,97,2,0
2010-10-18,13,3,15,28,674,0,1
2010-10-18,13,3,15,30,117,0,1
2010-10-18,13,3,15,30,405,1,0
2010-10-18,13,3,15,31,560,0,1
2010-10-18,13,3,15,33,2,1,0
2010-10-18,13,3,15,36,177,1,0
2010-10-18,13,3,15,37,908,1,0
2010-10-18,13,3,15,39,62,0,1
2010-10-18,13,3,15,39,639,1,1
2010-10-18,13,3,15,40,505,1,0
2010-10-18,13,3,15,41,371,1,0
2010-10-18,13,3,15,42,872,1,0
2010-10-18,13,3,15,44,314,1,0
2010-10-18,13,3,15,46,46,1,0
2010-10-18,13,3,15,46,334,1,0
2010-10-18,13,3,15,46,912,2,0
2010-10-18,13,3,16,6,593,1,0
2010-10-18,13,3,16,8,324,1,0
2010-10-18,13,3,16,9,767,1,0
2010-10-18,13,3,16,12,76,1,0
2010-10-18,13,3,16,13,519,0,1
2010-10-18,13,3,16,24,253,0,1
2010-10-18,14,3,30,28,560,2,0
2010-10-18,14,3,30,28,791,2,0
2010-10-18,14,3,30,29,79,1,0
2010-10-18,14,3,30,29,657,2,0
2010-10-18,14,3,30,29,945,2,0
2010-10-18,14,3,30,30,234,3,0
2010-10-18,14,3,30,30,522,1,0
2010-10-18,14,3,30,30,811,3,0
2010-10-18,14,3,30,31,388,2,0
2010-10-18,14,3,30,31,677,5,0
2010-10-18,14,3,30,31,965,2,0
2010-10-18,14,3,30,32,254,2,0
2010-10-18,14,3,30,32,542,8,0
2010-10-18,14,3,30,32,831,2,0
2010-10-18,14,3,30,33,119,2,0
2010-10-18,14,3,30,33,408,2,0
2010-10-18,14,3,30,33,697,3,0
2010-10-18,14,3,30,33,985,1,0
2010-10-18,14,3,30,34,565,4,0
2010-10-18,14,3,30,34,851,2,0
2010-10-18,14,3,30,35,139,3,0
2010-10-18,14,3,30,35,428,1,0
2010-10-18,14,3,30,35,717,4,0
2010-10-18,14,3,30,36,5,3,0
2010-10-18,14,3,30,36,294,1,0
2010-10-18,14,3,30,36,582,4,0
2010-10-18,14,3,30,36,871,3,0
2010-10-18,14,3,30,37,159,2,0
2010-10-18,14,3,30,37,448,3,0
2010-10-18,14,3,30,37,736,2,0
2010-10-18,14,3,30,38,314,2,0
2010-10-18,14,3,30,38,602,4,0
2010-10-18,14,3,30,38,891,3,0
2010-10-18,14,3,30,39,179,3,0
2010-10-18,14,3,30,39,756,1,0
2010-10-18,14,3,30,40,334,1,0
2010-10-18,14,3,30,40,911,1,0
2010-10-18,14,3,30,41,199,3,0
2010-10-18,14,3,30,41,776,1,0
2010-10-18,14,3,30,42,65,2,0
2010-10-18,14,3,30,42,354,3,0
2010-10-18,14,3,30,42,931,5,0
2010-10-18,14,3,30,43,219,2,0
2010-10-18,14,3,30,43,508,2,0
2010-10-18,14,3,30,43,796,4,0
2010-10-18,14,3,30,44,85,2,0
2010-10-18,14,3,30,44,374,4,0
2010-10-18,14,3,30,44,951,2,0
2010-10-18,14,3,30,45,239,2,0
2010-10-18,14,3,30,45,528,3,0
2010-10-18,14,3,30,45,874,2,0
2010-10-18,14,3,30,46,163,4,0
2010-10-18,14,3,30,46,740,5,0
2010-10-18,14,3,30,47,29,2,0
2010-10-18,14,3,30,47,317,2,0
2010-10-18,14,3,30,48,471,3,0
2010-10-18,14,3,30,48,760,2,0
2010-10-18,14,3,30,49,337,2,0
2010-10-18,14,3,30,49,626,3,0
2010-10-18,14,3,30,49,914,1,0
2010-10-18,14,3,30,50,203,4,0
2010-10-18,14,3,30,50,491,2,0
2010-10-18,14,3,30,50,780,3,0
2010-10-18,14,3,30,51,69,2,0
2010-10-18,14,3,30,51,357,2,0
2010-10-18,14,3,30,51,646,2,0
2010-10-18,14,3,30,51,934,2,0
2010-10-18,14,3,30,52,223,5,0
2010-10-18,14,3,30,52,511,1,0
2010-10-18,14,3,30,52,800,1,0
2010-10-18,14,3,30,53,89,1,0
2010-10-18,14,3,30,53,666,3,0
2010-10-18,14,3,30,55,108,4,0
2010-10-18,14,3,30,55,397,2,0
2010-10-18,14,3,30,55,686,3,0
2010-10-18,14,3,30,55,974,2,0
2010-10-18,14,3,30,56,551,1,0
2010-10-18,14,3,30,57,128,4,0
2010-10-18,14,3,30,57,706,4,0
2010-10-18,14,3,30,57,994,2,0
2010-10-18,14,3,30,58,860,2,0
2010-10-18,14,3,30,59,148,4,0
2010-10-18,14,3,30,59,437,2,0
2010-10-18,14,3,30,59,726,3,0
2010-10-18,14,3,31,0,14,4,0
2010-10-18,14,3,31,0,303,2,0
2010-10-18,14,3,31,0,880,4,0
2010-10-18,14,3,31,1,168,1,0
2010-10-18,14,3,31,1,457,4,0
2010-10-18,14,3,31,1,746,2,0
2010-10-18,14,3,31,2,34,2,1
2010-10-18,14,3,31,2,323,3,0
2010-10-18,14,3,31,2,900,3,0
2010-10-18,14,3,31,3,535,1,0
2010-10-18,14,3,31,3,823,1,0
2010-10-18,14,3,31,4,689,0,1
2010-10-18,14,3,31,5,266,1,0
2010-10-18,14,3,31,5,555,1,0
2010-10-18,14,3,31,6,421,1,0
2010-10-18,14,3,31,6,709,1,0
2010-10-18,14,3,31,6,998,1,0
2010-10-18,14,3,31,7,525,3,0
2010-10-18,14,3,31,7,863,2,0
2010-10-18,14,3,31,9,18,1,0
2010-10-18,14,3,31,9,883,1,0
2010-10-18,14,3,31,10,461,1,0
2010-10-18,14,3,31,10,749,1,0
2010-10-18,14,3,31,11,326,2,0
2010-10-18,14,3,31,11,615,2,0
2010-10-18,14,3,31,11,903,3,0
2010-10-18,14,3,31,12,192,1,0
2010-10-18,14,3,31,12,480,4,0
2010-10-18,14,3,31,12,769,1,0
2010-10-18,14,3,31,13,58,2,0
2010-10-18,14,3,31,13,635,4,0
2010-10-18,14,3,31,13,923,2,0
2010-10-18,14,3,31,14,212,2,1
2010-10-18,14,3,31,14,500,1,0
2010-10-18,14,3,31,14,789,2,0
2010-10-18,14,3,31,16,232,2,0
2010-10-18,14,3,31,16,520,3,1
2010-10-18,14,3,31,16,809,3,0
2010-10-18,14,3,31,17,98,2,0
2010-10-18,14,3,31,17,386,3,0
2010-10-18,14,3,31,17,675,1,0
2010-10-18,14,3,31,17,963,2,0
2010-10-18,14,3,31,18,252,2,0
2010-10-18,14,3,31,18,540,4,0
2010-10-18,14,3,31,18,829,0,1
2010-10-18,14,3,31,19,118,2,0
2010-10-18,14,3,31,19,406,4,0
2010-10-18,14,3,31,19,695,1,0
2010-10-18,14,3,31,19,983,2,0
2010-10-18,14,3,31,20,272,1,0
2010-10-18,14,3,31,20,965,1,0
2010-10-18,14,3,31,21,542,2,0
2010-10-18,14,3,31,22,119,2,0
2010-10-18,14,3,31,23,273,1,1
2010-10-18,14,3,31,23,850,1,0
2010-10-18,14,3,31,24,139,1,0
2010-10-18,14,3,31,24,716,1,0
2010-10-18,14,3,31,25,5,1,0
2010-10-18,14,3,31,25,582,2,0
2010-10-18,14,3,31,26,159,1,0
2010-10-18,14,3,31,27,602,1,0
2010-10-18,14,3,31,28,179,2,0
2010-10-18,14,3,31,28,756,1,0
2010-10-18,14,3,31,29,45,3,0
2010-10-18,14,3,31,29,910,1,0
2010-10-18,14,3,31,30,199,2,0
2010-10-18,14,3,31,30,776,1,0
2010-10-18,14,3,31,31,353,1,0
2010-10-18,14,3,31,31,642,1,1
2010-10-18,14,3,31,32,219,2,0
2010-10-18,14,3,31,32,796,1,0
2010-10-18,14,3,31,33,950,0,1
2010-10-18,14,3,31,34,235,1,0
2010-10-18,14,3,31,44,339,0,1
2010-10-18,14,3,31,49,822,2,0
2010-10-18,14,3,31,53,284,1,0
2010-10-18,15,3,42,6,41,4,0
2010-10-18,15,3,42,6,330,1,0
2010-10-18,15,3,42,6,618,2,0
2010-10-18,15,3,42,6,907,4,0
2010-10-18,15,3,42,7,195,1,0
2010-10-18,15,3,42,7,484,1,0
2010-10-18,15,3,42,7,773,1,0
2010-10-18,15,3,42,8,61,2,0
2010-10-18,15,3,42,8,350,2,0
2010-10-18,15,3,42,8,927,2,0
2010-10-18,15,3,42,9,215,2,0
2010-10-18,15,3,42,9,504,1,0
2010-10-18,15,3,42,9,793,1,0
2010-10-18,15,3,42,10,658,1,0
2010-10-18,15,3,42,10,947,2,0
2010-10-18,15,3,42,11,235,3,0
2010-10-18,15,3,42,11,524,1,0
2010-10-18,15,3,42,11,813,1,0
2010-10-18,15,3,42,12,101,2,0
2010-10-18,15,3,42,12,390,3,0
2010-10-18,15,3,42,12,678,2,0
2010-10-18,15,3,42,13,255,1,0
2010-10-18,15,3,42,13,832,5,0
2010-10-18,15,3,42,14,121,1,0
2010-10-18,15,3,42,14,987,2,0
2010-10-18,15,3,42,15,275,3,0
2010-10-18,15,3,42,15,564,1,0
2010-10-18,15,3,42,16,141,1,0
2010-10-18,15,3,42,16,430,3,0
2010-10-18,15,3,42,16,718,3,0
2010-10-18,15,3,42,17,7,2,0
2010-10-18,15,3,42,17,295,2,0
2010-10-18,15,3,42,17,584,3,0
2010-10-18,15,3,42,17,872,1,0
2010-10-18,15,3,42,18,161,1,0
2010-10-18,15,3,42,18,450,4,0
2010-10-18,15,3,42,18,738,2,0
2010-10-18,15,3,42,19,27,3,0
2010-10-18,15,3,42,19,315,1,0
2010-10-18,15,3,42,19,604,2,0
2010-10-18,15,3,42,20,528,2,0
2010-10-18,15,3,42,20,816,1,0
2010-10-18,15,3,42,21,682,2,1
2010-10-18,15,3,42,21,970,1,0
2010-10-18,15,3,42,22,259,1,0
2010-10-18,15,3,42,22,547,2,0
2010-10-18,15,3,42,23,125,1,0
2010-10-18,15,3,42,23,702,2,0
2010-10-18,15,3,42,23,990,1,0
2010-10-18,15,3,42,24,567,1,0
2010-10-18,15,3,42,24,856,1,1
2010-10-18,15,3,42,26,10,2,0
2010-10-18,15,3,42,26,299,3,0
2010-10-18,15,3,42,26,587,2,0
2010-10-18,15,3,42,27,165,2,0
2010-10-18,15,3,42,27,453,2,0
2010-10-18,15,3,42,27,742,1,0
2010-10-18,15,3,42,28,30,2,0
2010-10-18,15,3,42,28,319,1,0
2010-10-18,15,3,42,28,607,3,0
2010-10-18,15,3,42,28,896,1,0
2010-10-18,15,3,42,29,185,2,0
2010-10-18,15,3,42,29,473,2,0
2010-10-18,15,3,42,29,762,1,0
2010-10-18,15,3,42,30,50,1,0
2010-10-18,15,3,42,30,339,3,0
2010-10-18,15,3,42,30,627,1,1
2010-10-18,15,3,42,30,916,5,0
2010-10-18,15,3,42,31,493,2,0
2010-10-18,15,3,42,32,70,0,1
2010-10-18,15,3,42,32,359,2,0
2010-10-18,15,3,42,32,647,6,0
2010-10-18,15,3,42,32,936,2,0
2010-10-18,15,3,42,33,224,4,0
2010-10-18,15,3,42,33,513,3,0
2010-10-18,15,3,42,34,90,3,1
2010-10-18,15,3,42,34,667,2,1
2010-10-18,15,3,42,34,956,2,0
2010-10-18,15,3,42,35,553,3,0
2010-10-18,15,3,42,36,110,4,1
2010-10-18,15,3,42,36,399,2,0
2010-10-18,15,3,42,37,264,2,0
2010-10-18,15,3,42,37,553,2,1
2010-10-18,15,3,42,37,900,4,0
2010-10-18,15,3,42,38,188,3,0
2010-10-18,15,3,42,38,477,3,0
2010-10-18,15,3,42,38,765,2,0
2010-10-18,15,3,42,39,342,3,0
2010-10-18,15,3,42,39,631,1,0
2010-10-18,15,3,42,39,919,3,0
2010-10-18,15,3,42,40,497,2,0
2010-10-18,15,3,42,40,785,1,0
2010-10-18,15,3,42,41,362,2,0
2010-10-18,15,3,42,41,939,1,0
2010-10-18,15,3,42,42,517,3,0
2010-10-18,15,3,42,42,805,4,1
2010-10-18,15,3,42,43,94,1,0
2010-10-18,15,3,42,44,825,2,0
2010-10-18,15,3,42,45,402,1,0
2010-10-18,15,3,42,45,979,2,0
2010-10-18,15,3,42,46,845,2,0
2010-10-18,15,3,42,47,422,2,0
2010-10-18,15,3,42,47,711,1,0
2010-10-18,15,3,42,47,999,1,1
2010-10-18,15,3,42,48,576,2,0
2010-10-18,15,3,42,48,865,1,0
2010-10-18,15,3,42,50,308,2,0
2010-10-18,15,3,42,51,462,1,0
2010-10-18,15,3,42,51,751,1,0
2010-10-18,15,3,42,52,328,2,0
2010-10-18,15,3,42,52,905,1,0
2010-10-18,15,3,42,53,194,1,0
2010-10-18,15,3,42,53,482,1,0
2010-10-18,15,3,42,53,771,1,0
2010-10-18,15,3,42,54,348,1,0
2010-10-18,15,3,42,55,272,2,0
2010-10-18,15,3,42,55,560,1,0
2010-10-18,15,3,42,56,426,2,0
2010-10-18,15,3,42,56,714,1,0
2010-10-18,15,3,42,57,580,1,1
2010-10-18,15,3,42,57,869,1,0
2010-10-18,15,3,42,58,157,0,2
2010-10-18,15,3,42,59,311,2,1
2010-10-18,15,3,42,59,600,1,0
2010-10-18,15,3,43,0,754,1,0
2010-10-18,15,3,43,1,620,2,0
2010-10-18,15,3,43,2,486,2,0
2010-10-18,15,3,43,2,774,1,0
2010-10-18,15,3,43,3,929,1,1
2010-10-18,15,3,43,4,217,2,0
2010-10-18,15,3,43,4,506,1,1
2010-10-18,15,3,43,5,371,1,0
2010-10-18,15,3,43,6,526,1,0
2010-10-18,15,3,43,6,814,1,0
2010-10-18,15,3,43,7,103,0,1
2010-10-18,15,3,43,8,257,1,1
2010-10-18,15,3,43,8,834,1,0
2010-10-18,15,3,43,9,123,0,1
2010-10-18,15,3,43,9,411,1,0
2010-10-18,15,3,43,11,431,0,2
2010-10-18,15,3,43,13,221,4,0
2010-10-18,15,3,43,13,798,1,0
2010-10-18,15,3,43,14,375,1,0
2010-10-18,15,3,43,15,241,0,1
2010-10-18,15,3,43,16,106,1,0
2010-10-18,15,3,43,16,395,1,2
2010-10-18,15,3,43,16,683,0,1
2010-10-18,15,3,43,17,261,0,1
2010-10-18,15,3,43,17,549,1,0
2010-10-18,15,3,43,18,126,3,0
2010-10-18,15,3,43,18,992,2,0
2010-10-18,15,3,43,19,281,1,0
2010-10-18,15,3,43,19,569,4,0
2010-10-18,15,3,43,19,858,1,0
2010-10-18,15,3,43,20,723,2,0
2010-10-18,15,3,43,21,878,1,0
2010-10-18,15,3,43,22,166,1,0
2010-10-18,15,3,43,23,898,0,1
2010-10-18,15,3,43,24,763,1,0
2010-10-18,15,3,43,25,340,3,0
2010-10-18,15,3,43,25,918,2,0
2010-10-18,15,3,43,26,206,1,0
2010-10-18,15,3,43,26,495,0,1
2010-10-18,15,3,43,26,783,1,0
2010-10-18,15,3,43,27,72,0,2
2010-10-18,15,3,43,27,649,0,1
2010-10-18,15,3,43,28,515,1,0
2010-10-18,15,3,43,28,803,0,1
2010-10-18,15,3,43,29,380,1,0
2010-10-18,15,3,43,29,669,1,0
2010-10-18,15,3,43,30,16,1,0
2010-10-18,15,3,43,30,304,1,0
2010-10-18,15,3,43,30,881,1,0
2010-10-18,15,3,43,32,901,1,0
2010-10-18,15,3,43,34,633,1,0
2010-10-18,15,3,43,35,210,1,0
2010-10-18,15,3,43,36,422,1,0
2010-10-18,15,3,43,36,710,2,0
2010-10-18,15,3,43,36,999,1,0
2010-10-18,15,3,43,37,287,1,0
2010-10-18,15,3,43,37,576,1,0
2010-10-18,15,3,43,39,884,1,0
2010-10-18,15,3,43,40,750,1,0
2010-10-18,15,3,43,43,347,1,0
2010-10-18,15,3,43,43,636,1,0
2010-10-18,15,3,43,46,522,1,0
2010-10-18,15,3,43,47,676,1,0
2010-10-18,15,3,43,48,253,1,1
2010-10-18,15,3,43,48,542,1,1
2010-10-18,15,3,43,49,696,1,0
2010-10-18,16,3,55,11,594,1,0
2010-10-18,16,3,55,11,883,0,1
2010-10-18,16,3,55,12,460,5,0
2010-10-18,16,3,55,12,749,2,0
2010-10-18,16,3,55,13,37,2,0
2010-10-18,16,3,55,14,191,2,0
2010-10-18,16,3,55,14,480,1,0
2010-10-18,16,3,55,14,768,0,1
2010-10-18,16,3,55,15,57,1,0
2010-10-18,16,3,55,15,346,2,0
2010-10-18,16,3,55,15,923,2,0
2010-10-18,16,3,55,16,211,0,1
2010-10-18,16,3,55,16,500,1,0
2010-10-18,16,3,55,17,77,1,0
2010-10-18,16,3,55,17,366,1,0
2010-10-18,16,3,55,17,654,1,0
2010-10-18,16,3,55,18,520,1,0
2010-10-18,16,3,55,19,674,2,0
2010-10-18,16,3,55,19,963,1,0
2010-10-18,16,3,55,21,406,2,0
2010-10-18,16,3,55,21,694,1,0
2010-10-18,16,3,55,21,983,1,0
2010-10-18,16,3,55,22,502,3,0
2010-10-18,16,3,55,22,791,2,0
2010-10-18,16,3,55,23,79,2,0
2010-10-18,16,3,55,23,368,1,0
2010-10-18,16,3,55,23,657,1,0
2010-10-18,16,3,55,23,945,2,0
2010-10-18,16,3,55,24,234,2,0
2010-10-18,16,3,55,24,811,1,0
2010-10-18,16,3,55,25,99,1,0
2010-10-18,16,3,55,25,965,1,0
2010-10-18,16,3,55,26,542,1,0
2010-10-18,16,3,55,26,831,1,0
2010-10-18,16,3,55,27,119,0,1
2010-10-18,16,3,55,27,697,1,0
2010-10-18,16,3,55,27,985,1,0
2010-10-18,16,3,55,28,562,2,0
2010-10-18,16,3,55,29,139,3,0
2010-10-18,16,3,55,29,428,2,0
2010-10-18,16,3,55,30,5,3,0
2010-10-18,16,3,55,30,294,3,0
2010-10-18,16,3,55,30,582,2,0
2010-10-18,16,3,55,30,871,2,0
2010-10-18,16,3,55,31,159,3,0
2010-10-18,16,3,55,31,448,2,0
2010-10-18,16,3,55,31,736,3,0
2010-10-18,16,3,55,32,25,1,0
2010-10-18,16,3,55,32,602,2,0
2010-10-18,16,3,55,32,891,1,0
2010-10-18,16,3,55,33,179,4,0
2010-10-18,16,3,55,33,468,1,0
2010-10-18,16,3,55,33,756,2,0
2010-10-18,16,3,55,34,45,2,0
2010-10-18,16,3,55,34,334,1,0
2010-10-18,16,3,55,34,622,3,0
2010-10-18,16,3,55,35,488,1,0
2010-10-18,16,3,55,35,776,2,0
2010-10-18,16,3,55,36,65,1,0
2010-10-18,16,3,55,36,354,4,0
2010-10-18,16,3,55,36,642,3,0
2010-10-18,16,3,55,36,931,3,0
2010-10-18,16,3,55,37,219,5,0
2010-10-18,16,3,55,37,508,2,0
2010-10-18,16,3,55,38,85,3,0
2010-10-18,16,3,55,38,374,1,0
2010-10-18,16,3,55,38,662,2,0
2010-10-18,16,3,55,38,951,1,0
2010-10-18,16,3,55,39,239,2,0
2010-10-18,16,3,55,39,528,6,0
2010-10-18,16,3,55,39,874,2,0
2010-10-18,16,3,55,40,451,3,0
2010-10-18,16,3,55,41,317,4,0
2010-10-18,16,3,55,41,606,2,0
2010-10-18,16,3,55,41,894,3,0
2010-10-18,16,3,55,42,183,2,0
2010-10-18,16,3,55,42,471,1,0
2010-10-18,16,3,55,43,49,3,0
2010-10-18,16,3,55,43,337,4,0
2010-10-18,16,3,55,43,626,3,0
2010-10-18,16,3,55,43,914,1,0
2010-10-18,16,3,55,44,203,1,1
2010-10-18,16,3,55,44,491,2,0
2010-10-18,16,3,55,44,780,2,0
2010-10-18,16,3,55,45,69,2,0
2010-10-18,16,3,55,45,357,3,0
2010-10-18,16,3,55,45,934,3,0
2010-10-18,16,3,55,46,511,2,0
2010-10-18,16,3,55,47,89,1,0
2010-10-18,16,3,55,47,666,2,0
2010-10-18,16,3,55,48,531,1,0
2010-10-18,16,3,55,48,820,1,0
2010-10-18,16,3,55,49,108,1,0
2010-10-18,16,3,55,49,397,3,0
2010-10-18,16,3,55,49,686,1,0
2010-10-18,16,3,55,49,974,1,0
2010-10-18,16,3,55,50,263,1,0
2010-10-18,16,3,55,50,840,3,0
2010-10-18,16,3,55,51,994,1,0
2010-10-18,16,3,55,52,571,1,0
2010-10-18,16,3,55,52,860,3,0
2010-10-18,16,3,55,53,148,1,0
2010-10-18,16,3,55,53,437,1,0
2010-10-18,16,3,55,53,726,2,0
2010-10-18,16,3,55,54,591,1,0
2010-10-18,16,3,55,54,880,1,0
2010-10-18,16,3,55,56,323,1,0
2010-10-18,16,3,55,57,246,2,0
2010-10-18,16,3,55,59,555,2,0
2010-10-18,16,3,56,0,132,1,0
2010-10-18,16,3,56,0,142,1,0
2010-10-18,16,3,56,1,286,1,0
2010-10-18,16,3,56,1,575,1,0
2010-10-18,16,3,56,2,441,2,0
2010-10-18,16,3,56,5,38,1,0
2010-10-18,16,3,56,15,773,1,0
2010-10-18,16,3,56,16,927,1,0
2010-10-18,17,4,8,58,760,5,0
2010-10-18,17,4,8,59,48,3,0
2010-10-18,17,4,8,59,625,2,0
2010-10-18,17,4,8,59,914,1,0
2010-10-18,17,4,9,0,202,2,0
2010-10-18,17,4,9,0,491,2,0
2010-10-18,17,4,9,0,779,1,0
2010-10-18,17,4,9,1,357,4,0
2010-10-18,17,4,9,1,645,2,0
2010-10-18,17,4,9,1,934,1,1
2010-10-18,17,4,9,2,511,1,0
2010-10-18,17,4,9,2,799,2,0
2010-10-18,17,4,9,3,377,2,0
2010-10-18,17,4,9,4,242,0,1
2010-10-18,17,4,9,5,108,1,0
2010-10-18,17,4,9,5,397,5,0
2010-10-18,17,4,9,6,262,1,1
2010-10-18,17,4,9,6,551,1,0
2010-10-18,17,4,9,6,839,1,0
2010-10-18,17,4,9,7,128,1,0
2010-10-18,17,4,9,7,417,3,0
2010-10-18,17,4,9,7,705,1,0
2010-10-18,17,4,9,7,994,1,0
2010-10-18,17,4,9,8,571,2,0
2010-10-18,17,4,9,8,859,1,0
2010-10-18,17,4,9,9,725,2,0
2010-10-18,17,4,9,10,591,2,0
2010-10-18,17,4,9,11,456,1,0
2010-10-18,17,4,9,11,745,3,0
2010-10-18,17,4,9,12,34,1,0
2010-10-18,17,4,9,12,611,0,1
2010-10-18,17,4,9,13,188,2,1
2010-10-18,17,4,9,13,765,3,0
2010-10-18,17,4,9,14,54,2,0
2010-10-18,17,4,9,14,342,1,0
2010-10-18,17,4,9,14,631,3,0
2010-10-18,17,4,9,14,919,2,0
2010-10-18,17,4,9,15,208,1,0
2010-10-18,17,4,9,15,496,2,0
2010-10-18,17,4,9,15,785,1,0
2010-10-18,17,4,9,16,74,1,0
2010-10-18,17,4,9,16,362,1,0
2010-10-18,17,4,9,16,651,1,1
2010-10-18,17,4,9,17,228,2,0
2010-10-18,17,4,9,17,517,3,0
2010-10-18,17,4,9,17,805,2,0
2010-10-18,17,4,9,18,94,2,0
2010-10-18,17,4,9,19,248,0,1
2010-10-18,17,4,9,19,537,1,0
2010-10-18,17,4,9,20,114,3,0
2010-10-18,17,4,9,20,345,1,0
2010-10-18,17,4,9,21,211,1,0
2010-10-18,17,4,9,21,499,0,1
2010-10-18,17,4,9,22,942,2,0
2010-10-18,17,4,9,23,231,2,0
2010-10-18,17,4,9,23,519,0,1
2010-10-18,17,4,9,24,39,2,0
2010-10-18,17,4,9,24,616,2,0
2010-10-18,17,4,9,24,904,1,0
2010-10-18,17,4,9,25,193,1,0
2010-10-18,17,4,9,25,482,3,0
2010-10-18,17,4,9,25,770,1,0
2010-10-18,17,4,9,26,925,1,0
2010-10-18,17,4,9,27,213,1,0
2010-10-18,17,4,9,27,790,1,1
2010-10-18,17,4,9,28,79,2,0
2010-10-18,17,4,9,28,656,2,0
2010-10-18,17,4,9,28,945,1,0
2010-10-18,17,4,9,29,522,1,0
2010-10-18,17,4,9,29,810,2,0
2010-10-18,17,4,9,30,388,1,0
2010-10-18,17,4,9,30,965,2,0
2010-10-18,17,4,9,31,253,2,0
2010-10-18,17,4,9,31,542,1,0
2010-10-18,17,4,9,32,119,1,0
2010-10-18,17,4,9,32,408,2,0
2010-10-18,17,4,9,32,696,1,0
2010-10-18,17,4,9,33,42,1,0
2010-10-18,17,4,9,33,331,0,1
2010-10-18,17,4,9,33,505,1,0
2010-10-18,17,4,9,33,793,1,0
2010-10-18,17,4,9,34,659,1,0
2010-10-18,17,4,9,34,947,2,0
2010-10-18,17,4,9,35,236,4,0
2010-10-18,17,4,9,36,390,1,0
2010-10-18,17,4,9,36,679,1,0
2010-10-18,17,4,9,37,256,0,0
2010-10-18,17,4,9,38,122,1,0
2010-10-18,17,4,9,38,410,0,1
2010-10-18,17,4,9,39,507,1,0
2010-10-18,17,4,9,39,795,1,0
2010-10-18,17,4,9,40,84,4,0
2010-10-18,17,4,9,41,527,1,0
2010-10-18,17,4,9,41,815,1,0
2010-10-18,17,4,9,42,46,1,0
2010-10-18,17,4,9,42,235,1,0
2010-10-18,17,4,9,42,623,0,1
2010-10-18,17,4,9,42,912,1,0
2010-10-18,17,4,9,43,200,1,0
2010-10-18,17,4,9,43,777,2,0
2010-10-18,17,4,9,44,66,1,0
2010-10-18,17,4,9,44,355,1,0
2010-10-18,17,4,9,44,643,1,0
2010-10-18,17,4,9,44,932,1,0
2010-10-18,17,4,9,45,797,1,0
2010-10-18,17,4,9,46,86,2,0
2010-10-18,17,4,9,46,663,1,0
2010-10-18,17,4,9,46,952,1,0
2010-10-18,17,4,9,47,240,1,0
2010-10-18,17,4,9,47,529,1,0
2010-10-18,17,4,9,47,817,2,0
2010-10-18,17,4,9,48,106,3,0
2010-10-18,17,4,9,48,395,2,0
2010-10-18,17,4,9,48,972,1,0
2010-10-18,17,4,9,49,549,0,1
2010-10-18,17,4,9,50,126,0,1
2010-10-18,17,4,9,50,415,2,0
2010-10-18,17,4,9,50,877,1,0
2010-10-18,17,4,9,51,165,3,0
2010-10-18,17,4,9,51,454,1,0
2010-10-18,17,4,9,51,742,2,0
2010-10-18,17,4,9,52,31,1,1
2010-10-18,17,4,9,52,319,2,0
2010-10-18,17,4,9,52,896,3,0
2010-10-18,17,4,9,53,185,1,0
2010-10-18,17,4,9,53,474,3,0
2010-10-18,17,4,9,53,762,1,0
2010-10-18,17,4,9,54,339,1,0
2010-10-18,17,4,9,54,628,3,0
2010-10-18,17,4,9,54,916,4,0
2010-10-18,17,4,9,55,205,1,0
2010-10-18,17,4,9,55,494,1,0
2010-10-18,17,4,9,55,782,2,0
2010-10-18,17,4,9,56,71,1,0
2010-10-18,17,4,9,56,359,3,0
2010-10-18,17,4,9,56,648,2,0
2010-10-18,17,4,9,56,936,3,0
2010-10-18,17,4,9,57,225,2,0
2010-10-18,17,4,9,57,802,4,0
2010-10-18,17,4,9,58,91,2,0
2010-10-18,17,4,9,58,379,3,1
2010-10-18,17,4,9,58,668,4,0
2010-10-18,17,4,9,58,956,2,0
2010-10-18,17,4,9,59,534,1,0
2010-10-18,17,4,9,59,822,3,0
2010-10-18,17,4,10,0,111,1,0
2010-10-18,17,4,10,0,399,2,0
2010-10-18,17,4,10,0,688,2,0
2010-10-18,17,4,10,0,976,3,0
2010-10-18,17,4,10,1,265,1,0
2010-10-18,17,4,10,1,553,3,0
2010-10-18,17,4,10,1,842,1,0
2010-10-18,17,4,10,2,419,0,1
2010-10-18,17,4,10,2,881,1,0
2010-10-18,17,4,10,3,169,1,0
2010-10-18,17,4,10,3,458,1,1
2010-10-18,17,4,10,3,747,2,0
2010-10-18,17,4,10,4,324,2,0
2010-10-18,17,4,10,4,612,1,0
2010-10-18,17,4,10,5,189,0,2
2010-10-18,17,4,10,5,767,4,0
2010-10-18,17,4,10,6,55,3,0
2010-10-18,17,4,10,6,632,2,0
2010-10-18,17,4,10,7,209,1,0
2010-10-18,17,4,10,7,498,1,0
2010-10-18,17,4,10,7,787,3,0
2010-10-18,17,4,10,8,75,1,0
2010-10-18,17,4,10,8,479,2,0
2010-10-18,17,4,10,8,768,2,0
2010-10-18,17,4,10,9,56,1,1
2010-10-18,17,4,10,9,345,2,1
2010-10-18,17,4,10,9,634,0,1
2010-10-18,17,4,10,10,211,1,0
2010-10-18,17,4,10,10,499,1,0
2010-10-18,17,4,10,10,788,2,2
2010-10-18,17,4,10,11,76,1,0
2010-10-18,17,4,10,11,365,1,0
2010-10-18,17,4,10,11,942,2,0
2010-10-18,17,4,10,12,519,1,1
2010-10-18,17,4,10,12,808,1,1
2010-10-18,17,4,10,13,385,1,0
2010-10-18,17,4,10,13,962,1,0
2010-10-18,17,4,10,14,251,2,1
2010-10-18,17,4,10,14,828,1,0
2010-10-18,17,4,10,15,116,1,0
2010-10-18,17,4,10,15,405,0,1
2010-10-18,17,4,10,16,271,1,0
2010-10-18,17,4,10,16,559,1,0
2010-10-18,17,4,10,16,848,1,0
2010-10-18,17,4,10,21,753,0,1
2010-10-18,17,4,10,22,331,1,0
2010-10-18,17,4,10,22,619,1,0
2010-10-18,17,4,10,22,908,1,0
2010-10-18,17,4,10,26,198,1,0
2010-10-18,18,4,23,2,28,2,1
2010-10-18,18,4,23,2,316,2,0
2010-10-18,18,4,23,2,605,1,0
2010-10-18,18,4,23,2,893,4,0
2010-10-18,18,4,23,3,182,3,0
2010-10-18,18,4,23,3,471,5,0
2010-10-18,18,4,23,3,759,5,0
2010-10-18,18,4,23,4,48,3,0
2010-10-18,18,4,23,4,336,1,0
2010-10-18,18,4,23,4,913,3,0
2010-10-18,18,4,23,5,202,3,0
2010-10-18,18,4,23,5,491,3,0
2010-10-18,18,4,23,5,779,3,0
2010-10-18,18,4,23,6,68,3,0
2010-10-18,18,4,23,6,356,3,0
2010-10-18,18,4,23,6,933,2,0
2010-10-18,18,4,23,7,511,1,0
2010-10-18,18,4,23,7,799,4,0
2010-10-18,18,4,23,8,88,1,0
2010-10-18,18,4,23,8,953,1,0
2010-10-18,18,4,23,9,242,6,0
2010-10-18,18,4,23,9,531,3,0
2010-10-18,18,4,23,9,819,1,0
2010-10-18,18,4,23,10,223,3,0
2010-10-18,18,4,23,10,512,2,0
2010-10-18,18,4,23,10,800,1,0
2010-10-18,18,4,23,11,89,1,0
2010-10-18,18,4,23,11,378,5,0
2010-10-18,18,4,23,11,666,1,0
2010-10-18,18,4,23,11,955,1,0
2010-10-18,18,4,23,12,243,2,0
2010-10-18,18,4,23,12,532,3,0
2010-10-18,18,4,23,12,820,2,0
2010-10-18,18,4,23,13,109,3,0
2010-10-18,18,4,23,13,398,2,0
2010-10-18,18,4,23,13,686,1,0
2010-10-18,18,4,23,13,975,3,0
2010-10-18,18,4,23,14,263,3,0
2010-10-18,18,4,23,14,840,2,0
2010-10-18,18,4,23,15,129,3,0
2010-10-18,18,4,23,15,418,1,0
2010-10-18,18,4,23,16,283,1,0
2010-10-18,18,4,23,16,572,2,0
2010-10-18,18,4,23,16,860,2,0
2010-10-18,18,4,23,17,149,3,0
2010-10-18,18,4,23,17,726,4,0
2010-10-18,18,4,23,18,15,1,1
2010-10-18,18,4,23,18,303,3,0
2010-10-18,18,4,23,18,592,1,0
2010-10-18,18,4,23,18,880,1,0
2010-10-18,18,4,23,19,169,4,0
2010-10-18,18,4,23,19,457,4,0
2010-10-18,18,4,23,19,746,1,0
2010-10-18,18,4,23,20,612,3,0
2010-10-18,18,4,23,21,189,1,0
2010-10-18,18,4,23,21,766,2,0
2010-10-18,18,4,23,22,55,4,0
2010-10-18,18,4,23,22,343,4,0
2010-10-18,18,4,23,22,632,1,0
2010-10-18,18,4,23,22,920,1,0
2010-10-18,18,4,23,23,209,1,0
2010-10-18,18,4,23,24,363,1,0
2010-10-18,18,4,23,24,652,2,0
2010-10-18,18,4,23,24,940,4,0
2010-10-18,18,4,23,25,229,1,0
2010-10-18,18,4,23,25,517,4,0
2010-10-18,18,4,23,26,95,3,0
2010-10-18,18,4,23,26,383,1,0
2010-10-18,18,4,23,26,672,4,0
2010-10-18,18,4,23,26,960,1,0
2010-10-18,18,4,23,27,249,1,0
2010-10-18,18,4,23,27,575,1,0
2010-10-18,18,4,23,27,884,1,0
2010-10-18,18,4,23,28,172,3,0
2010-10-18,18,4,23,28,461,1,0
2010-10-18,18,4,23,28,750,2,0
2010-10-18,18,4,23,29,327,2,0
2010-10-18,18,4,23,29,615,3,0
2010-10-18,18,4,23,29,904,3,0
2010-10-18,18,4,23,30,192,1,0
2010-10-18,18,4,23,30,481,3,0
2010-10-18,18,4,23,30,770,3,0
2010-10-18,18,4,23,31,58,4,0
2010-10-18,18,4,23,31,347,3,0
2010-10-18,18,4,23,31,635,4,0
2010-10-18,18,4,23,31,924,5,0
2010-10-18,18,4,23,32,212,4,0
2010-10-18,18,4,23,32,501,4,0
2010-10-18,18,4,23,32,790,3,0
2010-10-18,18,4,23,33,78,7,0
2010-10-18,18,4,23,33,367,1,0
2010-10-18,18,4,23,33,655,1,0
2010-10-18,18,4,23,33,944,2,0
2010-10-18,18,4,23,34,232,3,0
2010-10-18,18,4,23,34,521,2,0
2010-10-18,18,4,23,34,810,3,0
2010-10-18,18,4,23,35,98,1,0
2010-10-18,18,4,23,35,387,4,0
2010-10-18,18,4,23,35,675,4,0
2010-10-18,18,4,23,36,252,5,0
2010-10-18,18,4,23,36,541,1,0
2010-10-18,18,4,23,36,829,5,0
2010-10-18,18,4,23,37,118,3,0
2010-10-18,18,4,23,37,407,4,1
2010-10-18,18,4,23,37,984,3,0
2010-10-18,18,4,23,38,272,1,1
2010-10-18,18,4,23,38,561,1,0
2010-10-18,18,4,23,38,849,1,0
2010-10-18,18,4,23,39,138,1,0
2010-10-18,18,4,23,39,427,3,0
2010-10-18,18,4,23,39,715,3,0
2010-10-18,18,4,23,40,4,4,0
2010-10-18,18,4,23,40,292,4,0
2010-10-18,18,4,23,40,581,2,0
2010-10-18,18,4,23,40,869,2,0
2010-10-18,18,4,23,41,158,2,2
2010-10-18,18,4,23,41,447,3,0
2010-10-18,18,4,23,41,735,2,2
2010-10-18,18,4,23,42,24,2,0
2010-10-18,18,4,23,42,312,2,0
2010-10-18,18,4,23,43,178,2,0
2010-10-18,18,4,23,43,467,4,0
2010-10-18,18,4,23,43,755,2,1
2010-10-18,18,4,23,44,44,1,1
2010-10-18,18,4,23,44,332,1,0
2010-10-18,18,4,23,44,621,1,0
2010-10-18,18,4,23,44,737,1,0
2010-10-18,18,4,23,45,314,2,0
2010-10-18,18,4,23,45,602,2,0
2010-10-18,18,4,23,45,891,2,0
2010-10-18,18,4,23,46,468,1,0
2010-10-18,18,4,23,46,756,4,0
2010-10-18,18,4,23,47,45,1,0
2010-10-18,18,4,23,47,622,3,1
2010-10-18,18,4,23,47,911,1,0
2010-10-18,18,4,23,48,199,1,0
2010-10-18,18,4,23,48,776,1,0
2010-10-18,18,4,23,49,65,1,0
2010-10-18,18,4,23,49,354,1,2
2010-10-18,18,4,23,49,642,2,1
2010-10-18,18,4,23,49,931,1,0
2010-10-18,18,4,23,50,508,2,0
2010-10-18,18,4,23,50,796,2,0
2010-10-18,18,4,23,51,85,3,0
2010-10-18,18,4,23,51,374,1,0
2010-10-18,18,4,23,52,528,2,0
2010-10-18,18,4,23,52,816,1,0
2010-10-18,18,4,23,53,105,2,0
2010-10-18,18,4,23,53,394,1,0
2010-10-18,18,4,23,53,682,1,0
2010-10-18,18,4,23,53,971,1,0
2010-10-18,18,4,23,54,836,1,0
2010-10-18,18,4,23,55,413,3,0
2010-10-18,18,4,23,55,702,2,0
2010-10-18,18,4,23,55,991,3,0
2010-10-18,18,4,23,56,279,1,0
2010-10-18,18,4,23,56,568,1,0
2010-10-18,18,4,23,57,433,2,0
2010-10-18,18,4,23,57,722,1,0
2010-10-18,18,4,23,58,11,5,0
2010-10-18,18,4,23,58,299,1,0
2010-10-18,18,4,23,58,588,2,0
2010-10-18,18,4,23,58,876,3,0
2010-10-18,18,4,23,59,107,2,0
2010-10-18,18,4,23,59,338,1,0
2010-10-18,18,4,23,59,627,2,0
2010-10-18,18,4,23,59,915,2,0
2010-10-18,18,4,24,0,204,3,0
2010-10-18,18,4,24,0,492,1,0
2010-10-18,18,4,24,1,69,1,0
2010-10-18,18,4,24,1,358,1,0
2010-10-18,18,4,24,1,647,4,0
2010-10-18,18,4,24,2,109,1,0
2010-10-18,18,4,24,2,397,2,0
2010-10-18,18,4,24,2,686,2,0
2010-10-18,18,4,24,3,263,2,0
2010-10-18,18,4,24,3,551,1,0
2010-10-18,18,4,24,3,840,1,0
2010-10-18,18,4,24,4,128,1,0
2010-10-18,18,4,24,4,417,2,0
2010-10-18,18,4,24,4,706,1,0
2010-10-18,18,4,24,4,994,2,0
2010-10-18,18,4,24,5,283,1,1
2010-10-18,18,4,24,5,571,3,0
2010-10-18,18,4,24,5,860,1,0
2010-10-18,18,4,24,6,148,3,0
2010-10-18,18,4,24,6,437,2,0
2010-10-18,18,4,24,6,726,1,0
2010-10-18,18,4,24,7,15,4,0
2010-10-18,18,4,24,7,303,3,0
2010-10-18,18,4,24,7,591,1,0
2010-10-18,18,4,24,7,880,3,0
2010-10-18,18,4,24,8,168,1,0
2010-10-18,18,4,24,8,457,4,0
2010-10-18,18,4,24,9,34,1,0
2010-10-18,18,4,24,9,380,2,0
2010-10-18,18,4,24,9,669,4,0
2010-10-18,18,4,24,9,900,2,0
2010-10-18,18,4,24,10,477,2,0
2010-10-18,18,4,24,10,766,2,0
2010-10-18,18,4,24,11,343,2,0
2010-10-18,18,4,24,11,631,1,0
2010-10-18,18,4,24,11,920,1,0
2010-10-18,18,4,24,12,208,2,0
2010-10-18,18,4,24,12,670,1,0
2010-10-18,18,4,24,14,113,1,0
2010-10-18,18,4,24,14,459,1,0
2010-10-18,18,4,24,15,729,1,0
2010-10-18,18,4,24,16,883,2,0
2010-10-18,18,4,24,17,172,1,0
2010-10-18,18,4,24,17,749,2,0
2010-10-18,18,4,24,19,192,1,0
2010-10-18,18,4,24,19,423,1,0
2010-10-18,18,4,24,20,288,1,0
2010-10-18,18,4,24,22,308,1,0
2010-10-18,18,4,24,24,328,1,0
2010-10-18,18,4,24,27,503,1,0
2010-10-18,18,4,24,29,523,1,0
2010-10-18,18,4,24,30,677,1,0
2010-10-18,18,4,24,31,543,1,0
2010-10-18,18,4,24,44,298,1,0
